# ************************************************************
# Sequel Pro SQL dump
# Version 4541
#
# http://www.sequelpro.com/
# https://github.com/sequelpro/sequelpro
#
# Värd: localhost (MySQL 5.7.26)
# Databas: ajpajaj
# Genereringstid: 2020-09-22 09:02:59 +0000
# ************************************************************


/*!40101 SET @OLD_CHARACTER_SET_CLIENT=@@CHARACTER_SET_CLIENT */;
/*!40101 SET @OLD_CHARACTER_SET_RESULTS=@@CHARACTER_SET_RESULTS */;
/*!40101 SET @OLD_COLLATION_CONNECTION=@@COLLATION_CONNECTION */;
/*!40101 SET NAMES utf8 */;
/*!40014 SET @OLD_FOREIGN_KEY_CHECKS=@@FOREIGN_KEY_CHECKS, FOREIGN_KEY_CHECKS=0 */;
/*!40101 SET @OLD_SQL_MODE=@@SQL_MODE, SQL_MODE='NO_AUTO_VALUE_ON_ZERO' */;
/*!40111 SET @OLD_SQL_NOTES=@@SQL_NOTES, SQL_NOTES=0 */;


# Tabelldump failed_jobs
# ------------------------------------------------------------

DROP TABLE IF EXISTS `failed_jobs`;

CREATE TABLE `failed_jobs` (
  `id` bigint(20) unsigned NOT NULL AUTO_INCREMENT,
  `uuid` varchar(255) COLLATE utf8mb4_unicode_ci NOT NULL,
  `connection` text COLLATE utf8mb4_unicode_ci NOT NULL,
  `queue` text COLLATE utf8mb4_unicode_ci NOT NULL,
  `payload` longtext COLLATE utf8mb4_unicode_ci NOT NULL,
  `exception` longtext COLLATE utf8mb4_unicode_ci NOT NULL,
  `failed_at` timestamp NOT NULL DEFAULT CURRENT_TIMESTAMP,
  PRIMARY KEY (`id`),
  UNIQUE KEY `failed_jobs_uuid_unique` (`uuid`)
) ENGINE=InnoDB DEFAULT CHARSET=utf8mb4 COLLATE=utf8mb4_unicode_ci;



# Tabelldump migrations
# ------------------------------------------------------------

DROP TABLE IF EXISTS `migrations`;

CREATE TABLE `migrations` (
  `id` int(10) unsigned NOT NULL AUTO_INCREMENT,
  `migration` varchar(255) COLLATE utf8mb4_unicode_ci NOT NULL,
  `batch` int(11) NOT NULL,
  PRIMARY KEY (`id`)
) ENGINE=InnoDB DEFAULT CHARSET=utf8mb4 COLLATE=utf8mb4_unicode_ci;

LOCK TABLES `migrations` WRITE;
/*!40000 ALTER TABLE `migrations` DISABLE KEYS */;

INSERT INTO `migrations` (`id`, `migration`, `batch`)
VALUES
	(1,'2014_10_12_000000_create_users_table',1),
	(2,'2014_10_12_100000_create_password_resets_table',1),
	(3,'2019_08_19_000000_create_failed_jobs_table',1),
	(4,'2020_09_21_144507_create_products_table',1),
	(5,'2020_09_21_144514_create_reviews_table',1);

/*!40000 ALTER TABLE `migrations` ENABLE KEYS */;
UNLOCK TABLES;


# Tabelldump password_resets
# ------------------------------------------------------------

DROP TABLE IF EXISTS `password_resets`;

CREATE TABLE `password_resets` (
  `email` varchar(255) COLLATE utf8mb4_unicode_ci NOT NULL,
  `token` varchar(255) COLLATE utf8mb4_unicode_ci NOT NULL,
  `created_at` timestamp NULL DEFAULT NULL,
  KEY `password_resets_email_index` (`email`)
) ENGINE=InnoDB DEFAULT CHARSET=utf8mb4 COLLATE=utf8mb4_unicode_ci;



# Tabelldump products
# ------------------------------------------------------------

DROP TABLE IF EXISTS `products`;

CREATE TABLE `products` (
  `id` int(10) unsigned NOT NULL AUTO_INCREMENT,
  `name` varchar(255) COLLATE utf8mb4_unicode_ci NOT NULL,
  `detail` text COLLATE utf8mb4_unicode_ci NOT NULL,
  `price` int(11) NOT NULL,
  `stock` int(11) NOT NULL,
  `discount` int(11) NOT NULL,
  `created_at` timestamp NULL DEFAULT NULL,
  `updated_at` timestamp NULL DEFAULT NULL,
  PRIMARY KEY (`id`)
) ENGINE=InnoDB DEFAULT CHARSET=utf8mb4 COLLATE=utf8mb4_unicode_ci;

LOCK TABLES `products` WRITE;
/*!40000 ALTER TABLE `products` DISABLE KEYS */;

INSERT INTO `products` (`id`, `name`, `detail`, `price`, `stock`, `discount`, `created_at`, `updated_at`)
VALUES
	(101,'mollitia','Libero impedit dolores distinctio ullam. Iusto commodi mollitia eum. Autem tempora aut adipisci fugit id. Cum id placeat omnis eius.',599,2,9,'2020-09-22 09:01:23','2020-09-22 09:01:23'),
	(102,'numquam','Dolor sint a sit non non commodi. Saepe possimus voluptatem dolores et. Quidem odio alias explicabo ut ratione libero id.',803,9,25,'2020-09-22 09:01:23','2020-09-22 09:01:23'),
	(103,'et','Aut pariatur repellat provident explicabo. Alias incidunt tempora consequatur. Reiciendis pariatur assumenda deleniti consequuntur. Aliquam doloribus consequatur qui ea porro. Ut velit error est sint.',573,0,27,'2020-09-22 09:01:23','2020-09-22 09:01:23'),
	(104,'saepe','Illo quo perspiciatis aliquid est. Eligendi accusantium aperiam nam ipsum excepturi quae neque quia. Vero atque velit aut corporis sint facere quis.',387,2,24,'2020-09-22 09:01:23','2020-09-22 09:01:23'),
	(105,'reiciendis','Laboriosam tempore iste est nostrum consequatur dolor qui. Sunt et enim voluptatibus facilis sapiente impedit et in. Voluptate officiis aut in ab ex totam ipsum. Eum minus aut nihil et odio quo.',467,4,17,'2020-09-22 09:01:23','2020-09-22 09:01:23'),
	(106,'id','Praesentium repellat nobis quaerat excepturi quia. Cum earum illum ut. Quis aspernatur hic dolorem aliquam possimus quam. Dolorum dolore quia est.',809,4,25,'2020-09-22 09:01:23','2020-09-22 09:01:23'),
	(107,'aut','Adipisci earum ratione a in asperiores saepe. Iusto odio saepe molestiae debitis minus. Optio asperiores et molestias non sunt nisi.',361,5,2,'2020-09-22 09:01:23','2020-09-22 09:01:23'),
	(108,'consequatur','Blanditiis ducimus dicta sunt qui quisquam vitae officia. Sint cupiditate magni beatae qui quia. Nihil unde veritatis exercitationem vitae alias tempora. Ipsum quia error repellat eligendi nam autem.',193,9,14,'2020-09-22 09:01:23','2020-09-22 09:01:23'),
	(109,'nemo','Dicta corrupti ut est perferendis ut voluptate qui voluptas. Sunt molestiae voluptatem repellat ducimus sit. Alias quia culpa quisquam ipsum impedit.',457,7,22,'2020-09-22 09:01:23','2020-09-22 09:01:23'),
	(110,'molestiae','Dolore voluptatem eum harum commodi. Perferendis ut sed quas laborum debitis sed. Sit rem nesciunt eos dignissimos ut. Illum saepe non distinctio itaque vel qui.',936,9,8,'2020-09-22 09:01:23','2020-09-22 09:01:23'),
	(111,'voluptas','Ut odio dolorem consequuntur doloribus sed dicta consequatur hic. Aut aut adipisci vero quas omnis voluptatum.',711,1,2,'2020-09-22 09:01:23','2020-09-22 09:01:23'),
	(112,'culpa','Excepturi quia natus exercitationem quia qui veniam. Animi cupiditate nobis autem ad ea consectetur officiis. Neque consequatur et sed quis aliquam dignissimos.',211,8,2,'2020-09-22 09:01:23','2020-09-22 09:01:23'),
	(113,'hic','Aut architecto est sed. Similique vero voluptate maxime sit odio eaque velit. Molestias velit voluptatem expedita accusamus quos ea.',947,2,22,'2020-09-22 09:01:23','2020-09-22 09:01:23'),
	(114,'odit','Labore ea impedit provident aspernatur et eum qui doloremque. Et velit blanditiis voluptatibus. Quibusdam debitis quo facere. Architecto quod nobis perspiciatis nihil ut. Dolores et et molestiae.',115,3,19,'2020-09-22 09:01:23','2020-09-22 09:01:23'),
	(115,'inventore','Maxime suscipit quidem tenetur sunt voluptatibus. Quasi suscipit ex et omnis fugit tempore expedita. Dolorum totam cumque dolorem occaecati.',335,7,18,'2020-09-22 09:01:23','2020-09-22 09:01:23'),
	(116,'blanditiis','Adipisci voluptatem exercitationem autem. Maiores doloremque nostrum nesciunt rem pariatur et. Eius veritatis vitae et reiciendis qui tempora labore laudantium. Perspiciatis enim alias ullam deserunt placeat.',793,9,27,'2020-09-22 09:01:23','2020-09-22 09:01:23'),
	(117,'non','Sint iusto perferendis reiciendis voluptates reprehenderit quia. Ea reiciendis illo officia id quis. Atque aut dolor itaque enim ea qui unde. Molestias id aperiam minus a asperiores et fugiat sit.',375,2,19,'2020-09-22 09:01:23','2020-09-22 09:01:23'),
	(118,'cum','Et similique neque aliquam ducimus ducimus. Accusamus cupiditate minus temporibus tempora excepturi omnis culpa. Consequuntur quisquam officia architecto inventore.',907,8,30,'2020-09-22 09:01:23','2020-09-22 09:01:23'),
	(119,'libero','Et est delectus voluptas commodi dolorem. Qui repellendus voluptatibus nostrum voluptates facilis eum et voluptatibus.',241,0,12,'2020-09-22 09:01:23','2020-09-22 09:01:23'),
	(120,'provident','Qui adipisci cupiditate rerum quis sequi doloribus fugiat provident. Blanditiis earum ea magni delectus. Minima eligendi architecto sunt nihil voluptatum.',727,1,20,'2020-09-22 09:01:23','2020-09-22 09:01:23'),
	(121,'fugit','Reprehenderit nam quas fuga et ex. Commodi aut est aliquam magni quam assumenda sapiente nisi. Ea ipsa minus ad id placeat. Eaque quisquam rerum quod adipisci velit.',266,7,3,'2020-09-22 09:01:23','2020-09-22 09:01:23'),
	(122,'eligendi','Aspernatur aperiam vel dolorum accusantium earum ut culpa. Delectus eius voluptatum iure laudantium. Doloribus voluptatum et cumque tenetur.',504,5,15,'2020-09-22 09:01:23','2020-09-22 09:01:23'),
	(123,'voluptas','Qui ipsum excepturi numquam rerum voluptatibus eum fuga. Fugiat velit eius id id blanditiis eos quibusdam. Est velit sed laudantium culpa. Ratione est labore tempore at iste id.',903,3,17,'2020-09-22 09:01:23','2020-09-22 09:01:23'),
	(124,'fugiat','Adipisci consequatur dolores omnis illum et voluptas. Temporibus quia aut et consectetur. Dolores inventore laborum unde voluptate nulla.',427,5,21,'2020-09-22 09:01:23','2020-09-22 09:01:23'),
	(125,'officiis','Totam consequatur blanditiis suscipit sit exercitationem. Nesciunt aut amet reprehenderit asperiores libero quisquam. Corporis exercitationem tempora eaque.',682,4,9,'2020-09-22 09:01:23','2020-09-22 09:01:23'),
	(126,'perspiciatis','Aut reiciendis placeat laboriosam distinctio. Illo ducimus optio quia. Voluptates dolorem necessitatibus vel est.',545,1,29,'2020-09-22 09:01:23','2020-09-22 09:01:23'),
	(127,'eos','Cumque harum et nam reiciendis deleniti. Nihil culpa laudantium reprehenderit sit id. Rerum modi perspiciatis et itaque natus.',656,0,19,'2020-09-22 09:01:23','2020-09-22 09:01:23'),
	(128,'libero','Maiores harum blanditiis et inventore dolores incidunt commodi. Temporibus voluptas nisi consequatur nihil voluptatem et est. Molestiae cumque impedit aut quo natus. Vitae ut inventore saepe sunt quod.',534,6,17,'2020-09-22 09:01:23','2020-09-22 09:01:23'),
	(129,'ut','Eligendi blanditiis cupiditate deleniti mollitia nobis alias. Quia perspiciatis iure sed asperiores debitis vero aliquid non. Molestiae unde nulla aut cum.',862,9,15,'2020-09-22 09:01:23','2020-09-22 09:01:23'),
	(130,'dolorem','Placeat ut ea aut quos explicabo. Dolores sit et nihil id omnis voluptas. Qui facere aperiam corporis eligendi.',497,4,30,'2020-09-22 09:01:23','2020-09-22 09:01:23'),
	(131,'nisi','Ut sed hic blanditiis voluptatum commodi harum at. Accusamus est qui quod doloribus sed. Laborum impedit voluptas qui asperiores in debitis totam ipsam.',890,2,21,'2020-09-22 09:01:23','2020-09-22 09:01:23'),
	(132,'ut','Facere porro et ut ut sequi laboriosam et. Et est magni et. Dolor officiis autem nihil. Amet animi tenetur cum enim qui.',317,2,15,'2020-09-22 09:01:23','2020-09-22 09:01:23'),
	(133,'non','Ipsa nemo et inventore molestiae debitis. Ut assumenda impedit voluptate rerum sunt. Et reiciendis illum velit. Distinctio ducimus ut error voluptas quia laudantium.',924,0,10,'2020-09-22 09:01:23','2020-09-22 09:01:23'),
	(134,'eius','Maiores et minus illo maiores ab eum assumenda. Animi magni harum porro iusto quo quis. Voluptas esse aut ipsa dicta necessitatibus tempora non. Laborum fuga nulla commodi fugit ut repellat saepe.',841,6,14,'2020-09-22 09:01:23','2020-09-22 09:01:23'),
	(135,'rerum','Quis excepturi sint laborum omnis est eum. Eveniet ipsa est aut sint. Esse aspernatur labore expedita et et.',752,5,10,'2020-09-22 09:01:23','2020-09-22 09:01:23'),
	(136,'reprehenderit','Cum est fugit temporibus mollitia consequuntur ea. Laborum corrupti voluptas incidunt et. Occaecati beatae saepe amet dolore omnis dolor. Quibusdam ipsa temporibus eveniet et nam quod molestias.',383,7,3,'2020-09-22 09:01:23','2020-09-22 09:01:23'),
	(137,'error','Quis vel tenetur soluta distinctio enim quia aliquam voluptas. Aut aliquam voluptatem ullam voluptate. Labore vel delectus nostrum quod tenetur eos. Quaerat eligendi at beatae blanditiis.',982,0,12,'2020-09-22 09:01:23','2020-09-22 09:01:23'),
	(138,'aliquid','Itaque sed delectus possimus deleniti sed saepe enim. Molestias eos optio eos officia. Blanditiis sunt cum ad maiores harum consequatur dignissimos. Aut est sed sit eligendi molestiae sequi.',155,9,30,'2020-09-22 09:01:23','2020-09-22 09:01:23'),
	(139,'architecto','Ut est autem natus sit. Nobis fuga dicta velit qui velit qui est id. Suscipit ea in hic quis et aliquam saepe optio. Et est facilis assumenda corrupti ea sed.',635,0,21,'2020-09-22 09:01:23','2020-09-22 09:01:23'),
	(140,'rerum','Tempora aut quis porro totam ducimus eaque. Maiores distinctio et voluptatem facere sint. Consequatur eius qui voluptas asperiores quibusdam.',860,1,12,'2020-09-22 09:01:23','2020-09-22 09:01:23'),
	(141,'reprehenderit','Laudantium voluptates totam quia quis. Ullam voluptatem voluptatum atque omnis. Accusamus non autem quibusdam dolor magni accusamus inventore ipsum. Nobis repudiandae magnam ab sunt delectus sit voluptas.',608,3,20,'2020-09-22 09:01:23','2020-09-22 09:01:23'),
	(142,'porro','Optio excepturi hic asperiores sapiente. Consequatur consequatur beatae repudiandae mollitia atque quia. Exercitationem architecto in facilis et. Sint quibusdam voluptatem aut quia et ipsa.',989,1,22,'2020-09-22 09:01:23','2020-09-22 09:01:23'),
	(143,'sint','Optio non aut tempora quod. Deserunt molestias doloremque deleniti minima corrupti. Quo saepe sed et blanditiis quis quia. Debitis totam fuga voluptatem aut natus.',451,9,10,'2020-09-22 09:01:23','2020-09-22 09:01:23'),
	(144,'voluptatibus','Alias qui ut consequatur laudantium omnis facilis laboriosam. Libero id animi dolorum facere et distinctio. Aut sit sequi asperiores dolor architecto at voluptatem. Incidunt ipsam voluptas natus quo.',307,3,23,'2020-09-22 09:01:23','2020-09-22 09:01:23'),
	(145,'dolore','Consequatur est sit ducimus totam debitis nisi quae. Nihil magni rerum similique aut et.',136,1,12,'2020-09-22 09:01:23','2020-09-22 09:01:23'),
	(146,'et','Illo minima eos numquam aut. Magnam ipsum optio dolorem quo. Blanditiis eum dolores culpa enim.',360,4,24,'2020-09-22 09:01:23','2020-09-22 09:01:23'),
	(147,'esse','Ad odio officiis incidunt quod praesentium rem et voluptatem. In vel eum vitae aliquam quia. Aut sunt omnis dolorem suscipit. Earum maxime qui aliquid.',861,4,21,'2020-09-22 09:01:23','2020-09-22 09:01:23'),
	(148,'quisquam','Neque sint praesentium omnis magnam consequuntur cupiditate enim. Ab ut qui quis laudantium impedit. Voluptate in voluptas quis quis voluptas dicta. Ex esse maiores similique. Qui inventore sit impedit aliquid repudiandae hic.',300,6,18,'2020-09-22 09:01:23','2020-09-22 09:01:23'),
	(149,'quidem','Quos neque quisquam qui ipsam. Earum non laborum nam ex. Qui alias dignissimos voluptas minima.',734,5,21,'2020-09-22 09:01:23','2020-09-22 09:01:23'),
	(150,'sunt','Nemo in consequatur delectus. Vitae laborum officiis possimus magnam animi non. Fuga qui eius voluptas dolor.',295,1,4,'2020-09-22 09:01:23','2020-09-22 09:01:23');

/*!40000 ALTER TABLE `products` ENABLE KEYS */;
UNLOCK TABLES;


# Tabelldump reviews
# ------------------------------------------------------------

DROP TABLE IF EXISTS `reviews`;

CREATE TABLE `reviews` (
  `id` int(10) unsigned NOT NULL AUTO_INCREMENT,
  `product_id` int(10) unsigned NOT NULL,
  `customer` varchar(255) COLLATE utf8mb4_unicode_ci NOT NULL,
  `review` text COLLATE utf8mb4_unicode_ci NOT NULL,
  `star` int(11) NOT NULL,
  `created_at` timestamp NULL DEFAULT NULL,
  `updated_at` timestamp NULL DEFAULT NULL,
  PRIMARY KEY (`id`),
  KEY `reviews_product_id_index` (`product_id`),
  CONSTRAINT `reviews_product_id_foreign` FOREIGN KEY (`product_id`) REFERENCES `products` (`id`) ON DELETE CASCADE
) ENGINE=InnoDB DEFAULT CHARSET=utf8mb4 COLLATE=utf8mb4_unicode_ci;

LOCK TABLES `reviews` WRITE;
/*!40000 ALTER TABLE `reviews` DISABLE KEYS */;

INSERT INTO `reviews` (`id`, `product_id`, `customer`, `review`, `star`, `created_at`, `updated_at`)
VALUES
	(1,143,'Tristin Gibson Sr.','Et ut optio facilis non nam quisquam. Vel impedit quae sit eum tempore natus sunt. Rem accusantium optio corporis.',5,'2020-09-22 09:01:24','2020-09-22 09:01:24'),
	(2,133,'Amie Hill','Exercitationem corrupti possimus et ipsum dolorem voluptas ab laborum. Et quidem aspernatur accusamus eos. Et eveniet dolorum asperiores vel enim. Nihil aliquam iusto vero mollitia illum optio.',4,'2020-09-22 09:01:24','2020-09-22 09:01:24'),
	(3,127,'Dario Yundt','Sunt delectus vitae tempore cumque distinctio quia. Maiores dolor nihil voluptas dolores et quaerat. Quia ullam voluptatum expedita tempora. Inventore quos dolores et architecto quae sit qui.',1,'2020-09-22 09:01:24','2020-09-22 09:01:24'),
	(4,122,'Christiana Ledner PhD','Nisi impedit ipsam facere qui. Et quas culpa aut officiis aut ratione. Cumque aut architecto est aut quam voluptatem qui. Aut eos repellendus numquam aut fugiat omnis.',0,'2020-09-22 09:01:24','2020-09-22 09:01:24'),
	(5,132,'Deven Schiller','Quis dicta molestiae sit numquam. Qui labore dignissimos facere velit beatae. Eos molestias adipisci nostrum. Perferendis ut et quod tempore est necessitatibus debitis.',4,'2020-09-22 09:01:24','2020-09-22 09:01:24'),
	(6,125,'Dr. Mallory Mayert II','Autem rem ut quia esse fuga. Consequatur in tenetur doloribus eum. Dolorem et repudiandae amet et reiciendis maiores explicabo quia. Ut cupiditate earum non vel atque quia.',0,'2020-09-22 09:01:24','2020-09-22 09:01:24'),
	(7,127,'Justine Abbott','Aliquid vel atque consequuntur delectus aliquid qui. Architecto aliquid et explicabo aliquam aspernatur. Harum sit quis ea possimus. Odio sint tempore sit temporibus.',5,'2020-09-22 09:01:24','2020-09-22 09:01:24'),
	(8,122,'Jensen Kertzmann','Ex rerum sed molestiae libero excepturi eos quo veritatis. Officiis in autem tempora aut minima omnis hic. Eaque omnis sed sed aut repellendus praesentium. Impedit occaecati voluptatibus error nostrum.',1,'2020-09-22 09:01:24','2020-09-22 09:01:24'),
	(9,120,'Lura Morissette','Rerum perspiciatis facilis placeat. Incidunt rem odio nesciunt qui debitis qui. Beatae pariatur quaerat maiores asperiores in modi rerum sequi. Non aut laudantium explicabo.',4,'2020-09-22 09:01:24','2020-09-22 09:01:24'),
	(10,127,'Hobart McCullough','Nisi harum voluptate error nesciunt rerum. Labore expedita est magni voluptatem ut error quae. Fugiat facilis ut similique reiciendis sed rerum animi.',2,'2020-09-22 09:01:24','2020-09-22 09:01:24'),
	(11,101,'Mrs. Margarita Zulauf IV','Ea qui placeat sed ut consequatur debitis. Est soluta sunt saepe pariatur ut. Repellat error illum labore ut aspernatur hic.',4,'2020-09-22 09:01:24','2020-09-22 09:01:24'),
	(12,101,'Guillermo Corwin','Illum consequuntur esse vitae hic molestiae vitae. Nihil minima esse voluptatibus temporibus quidem eaque voluptatem. Enim fuga vitae libero ut aut distinctio. Quisquam temporibus omnis amet quam. Itaque sapiente officiis magnam aut.',5,'2020-09-22 09:01:24','2020-09-22 09:01:24'),
	(13,149,'Ellie Zieme','Qui impedit aliquam et doloremque blanditiis. Sed magnam velit sunt perspiciatis suscipit corporis magni. Voluptatem debitis voluptatem doloribus debitis itaque minima.',2,'2020-09-22 09:01:24','2020-09-22 09:01:24'),
	(14,103,'Boris Luettgen','Voluptatem soluta quod eligendi facilis. Deleniti enim sunt autem et quia.',2,'2020-09-22 09:01:24','2020-09-22 09:01:24'),
	(15,138,'Mr. Howell Koepp','Dignissimos vitae nisi numquam ratione. Soluta qui eum esse placeat. Minus minus ea nostrum eveniet.',3,'2020-09-22 09:01:24','2020-09-22 09:01:24'),
	(16,117,'Mr. Lesley McKenzie','Ipsum dolor aut vitae temporibus in. Dolore eum ut qui in excepturi nihil sint dignissimos. Quo in aperiam maiores magni sunt et.',3,'2020-09-22 09:01:24','2020-09-22 09:01:24'),
	(17,104,'Miss Emilia Turcotte','Blanditiis laborum quam consequuntur omnis saepe illo. Sed tenetur dolor quisquam aut. Sed deserunt iure molestiae vel voluptate.',0,'2020-09-22 09:01:24','2020-09-22 09:01:24'),
	(18,120,'Ms. Amber Luettgen','Aperiam ipsam inventore quia ut. Magni consequatur molestiae dolorem non repellendus debitis. Nesciunt et accusantium reprehenderit omnis dolor. Eos ut ab possimus blanditiis ab.',3,'2020-09-22 09:01:24','2020-09-22 09:01:24'),
	(19,118,'Schuyler Gerhold','Doloremque impedit adipisci ea ut molestiae. Qui ea molestias est fugiat consequatur debitis. Non quaerat necessitatibus voluptate porro. Harum et ullam impedit ea est ut.',4,'2020-09-22 09:01:24','2020-09-22 09:01:24'),
	(20,145,'Clementine Wolff','Eos commodi eum quia explicabo est nisi ex. Et veritatis iusto eum laudantium quo. Qui maxime unde natus dolor eligendi consequatur.',0,'2020-09-22 09:01:24','2020-09-22 09:01:24'),
	(21,107,'Kaitlin Franecki','Exercitationem harum voluptatem consequatur perspiciatis. Ratione sit perspiciatis modi pariatur. Qui odit qui voluptas eos.',2,'2020-09-22 09:01:24','2020-09-22 09:01:24'),
	(22,116,'Dr. Kaitlin Sanford PhD','Repellat molestiae repellendus cumque corporis deleniti hic. Nam deserunt vitae dolore voluptates nemo sint molestias. Natus fugiat doloremque qui sint. Ullam quae voluptatem quidem dolor. Sapiente repudiandae maxime cupiditate.',5,'2020-09-22 09:01:24','2020-09-22 09:01:24'),
	(23,101,'Margret Oberbrunner','Cum voluptas iste est consectetur labore. Qui explicabo deleniti nam. Fuga nisi veniam dolore enim veritatis aspernatur ut.',5,'2020-09-22 09:01:24','2020-09-22 09:01:24'),
	(24,115,'Sebastian Crist MD','Fugit aut nam repudiandae voluptatem consequatur. Et quam rerum aut id minima. Molestias consequuntur nam maxime ea facilis sint.',4,'2020-09-22 09:01:24','2020-09-22 09:01:24'),
	(25,120,'Chadrick DuBuque Jr.','Enim voluptatibus voluptates nemo sed unde sequi et. Quia et libero ea aliquid minus voluptatum minus accusantium. Quia vel dolore maiores corrupti qui. Dolores aut quia quidem consequuntur.',0,'2020-09-22 09:01:24','2020-09-22 09:01:24'),
	(26,148,'Savanah Fritsch','Minus debitis accusantium tempora nisi sunt quasi. Fugit accusantium est cum at. Quas qui odit deserunt.',5,'2020-09-22 09:01:24','2020-09-22 09:01:24'),
	(27,128,'Caterina Cummerata','Magnam ullam consequatur labore ullam. Modi ipsam consequatur voluptatem perferendis ex magnam maiores. Ut et dignissimos ratione assumenda necessitatibus accusantium quaerat. Dolor in et ex quasi animi rerum optio.',5,'2020-09-22 09:01:24','2020-09-22 09:01:24'),
	(28,123,'Ava O\'Connell','Eaque alias natus dolores nobis est ipsa. Omnis amet sed ut. Eum assumenda quis doloribus voluptatem. Magni corporis velit modi.',1,'2020-09-22 09:01:24','2020-09-22 09:01:24'),
	(29,110,'Kurtis Fadel','Impedit saepe qui et molestiae. Nam pariatur autem ut. Expedita vero exercitationem minus earum neque. Porro et doloremque iste exercitationem voluptatem.',4,'2020-09-22 09:01:24','2020-09-22 09:01:24'),
	(30,112,'Jacky Gottlieb','Atque enim earum id possimus et numquam. Autem et suscipit magni quidem alias est ut commodi. Sequi ut et illo aut. Quis eius doloremque enim cum laboriosam dolorem.',1,'2020-09-22 09:01:24','2020-09-22 09:01:24'),
	(31,146,'Colleen Kuphal','Nisi temporibus labore laboriosam aliquam. Sed inventore laudantium quis quam vel. Sequi enim est consectetur aliquid id et ut.',0,'2020-09-22 09:01:24','2020-09-22 09:01:24'),
	(32,143,'Jonatan Muller','Et nihil qui nemo perferendis corporis sapiente sed. Omnis impedit nisi et et tempore sed ut mollitia. Nemo odio at aut laborum. Eum voluptatem pariatur ad in.',4,'2020-09-22 09:01:24','2020-09-22 09:01:24'),
	(33,119,'Guy Klocko','Ipsum sed est delectus qui consectetur. Rerum consequatur aut ipsa qui. Ab et itaque veritatis atque delectus dicta. Debitis aliquid eaque expedita ipsa et. Dolor vel facilis ullam repellat quas dignissimos rerum.',1,'2020-09-22 09:01:24','2020-09-22 09:01:24'),
	(34,114,'Ms. Lyda Pfeffer','Illo enim quasi et nulla et ab consectetur voluptas. Et corrupti ut aut eum sit. Nulla quia quasi repellat ut nostrum delectus.',5,'2020-09-22 09:01:24','2020-09-22 09:01:24'),
	(35,101,'Kamille Hyatt','Consequatur et id esse est inventore eos. Placeat iste distinctio dolorem suscipit.',0,'2020-09-22 09:01:24','2020-09-22 09:01:24'),
	(36,107,'Ms. Aurelia Dietrich II','Animi ut vel et maxime officia molestias rem. Voluptas et illo similique ducimus. Enim et accusantium at accusantium pariatur cupiditate.',2,'2020-09-22 09:01:24','2020-09-22 09:01:24'),
	(37,128,'Orval Cartwright','Eligendi sunt consequatur esse eum tempora id. Ut doloremque nihil pariatur nobis et inventore et. Qui corrupti aspernatur rerum velit rerum aperiam. Est quos et eum.',0,'2020-09-22 09:01:24','2020-09-22 09:01:24'),
	(38,121,'Prof. Clementina Kulas','Voluptatem ad ut quas ad. Consequuntur perferendis quae magni ut. Quia autem odio qui quam libero excepturi autem. Aut inventore qui unde quia adipisci sit quia repudiandae.',4,'2020-09-22 09:01:24','2020-09-22 09:01:24'),
	(39,116,'Mr. Lloyd Kihn','A molestiae facilis sit aut et accusantium est. Laboriosam deserunt incidunt enim minima aut adipisci sunt.',3,'2020-09-22 09:01:24','2020-09-22 09:01:24'),
	(40,114,'Ezequiel Ledner','Quia aut dignissimos possimus molestiae. Porro voluptates quis ratione ea aspernatur libero. Aut qui asperiores necessitatibus aperiam officiis quae sunt. Possimus minima magni ipsa. Quo qui facilis vitae.',3,'2020-09-22 09:01:24','2020-09-22 09:01:24'),
	(41,145,'Mattie Kerluke MD','Quia occaecati consequuntur optio sit. Suscipit vero saepe unde rerum neque occaecati corrupti. Et eos ex reiciendis ipsa velit est. Minima et reiciendis consequatur illo dolorum.',1,'2020-09-22 09:01:24','2020-09-22 09:01:24'),
	(42,124,'Prof. Linwood Mohr','Consequatur libero adipisci est vel. Rerum aut ipsum beatae non voluptatem. Ut et velit est sit voluptates.',1,'2020-09-22 09:01:24','2020-09-22 09:01:24'),
	(43,108,'Miracle Boehm','Quod voluptatibus necessitatibus explicabo modi blanditiis. Deleniti molestiae incidunt qui dolor. Esse accusantium vero necessitatibus occaecati quibusdam.',4,'2020-09-22 09:01:24','2020-09-22 09:01:24'),
	(44,145,'Mr. Nico Dicki','Iure omnis non repellendus cupiditate. Est amet occaecati delectus aut. Sed cumque perspiciatis non dignissimos rem.',2,'2020-09-22 09:01:24','2020-09-22 09:01:24'),
	(45,109,'Prof. Kennith Funk','Aut ut vel aut non libero. Quibusdam aperiam quaerat asperiores sapiente eius eos nobis. Delectus dolorum sit officia soluta molestiae eum. Quae hic placeat recusandae est necessitatibus rerum.',4,'2020-09-22 09:01:24','2020-09-22 09:01:24'),
	(46,109,'Christine Leffler','Consequatur in qui voluptatem dolores omnis. Numquam mollitia sapiente autem. Adipisci minus ut omnis et aut distinctio. Earum quisquam non possimus mollitia.',4,'2020-09-22 09:01:24','2020-09-22 09:01:24'),
	(47,146,'Wilbert Konopelski II','Tempore nostrum voluptatibus labore enim. Necessitatibus distinctio voluptatibus enim necessitatibus sapiente maiores et. Harum aut ea perspiciatis neque iure.',3,'2020-09-22 09:01:24','2020-09-22 09:01:24'),
	(48,127,'Moses Miller Jr.','Aut voluptatem voluptatem dicta rem. Nihil incidunt dignissimos voluptatibus ex commodi itaque pariatur autem. Qui quia porro sint enim velit et totam.',0,'2020-09-22 09:01:24','2020-09-22 09:01:24'),
	(49,144,'Brisa Gleason','Sit natus voluptate dignissimos. Dolorum totam aut ipsum similique id dolorem soluta. Et earum magni eveniet eos mollitia asperiores numquam.',3,'2020-09-22 09:01:24','2020-09-22 09:01:24'),
	(50,143,'Mertie Langworth','Fugiat assumenda et ut autem nihil sapiente corrupti. Modi asperiores accusantium aut et minima nisi velit quasi. Ut dolores qui velit laboriosam ut qui nam in.',1,'2020-09-22 09:01:24','2020-09-22 09:01:24'),
	(51,138,'Abagail Beatty','Sed accusamus explicabo alias deleniti animi velit et. Facere qui vero omnis eos quis tenetur cum. Harum illum harum aperiam. Eligendi velit consequatur quia veniam.',1,'2020-09-22 09:01:24','2020-09-22 09:01:24'),
	(52,121,'Dr. Reanna Monahan PhD','Ad natus quos hic atque. Quasi harum voluptatem nihil aperiam qui non.',0,'2020-09-22 09:01:24','2020-09-22 09:01:24'),
	(53,148,'Jany Legros','Provident nemo porro blanditiis soluta. Et ut sed veniam qui atque vitae est et. Dolorem dolores magni illo architecto.',5,'2020-09-22 09:01:24','2020-09-22 09:01:24'),
	(54,101,'Reta Anderson','Dolorem ducimus et saepe temporibus in porro dolores. Rerum omnis quaerat eum corporis ea quibusdam dolorem. Est possimus quo nihil fugiat sint.',3,'2020-09-22 09:01:24','2020-09-22 09:01:24'),
	(55,136,'Liliane Krajcik','Est in deleniti eum est. Dolore dolores suscipit voluptatem error. Molestias minus voluptas provident harum. Quas aut doloremque numquam et.',0,'2020-09-22 09:01:24','2020-09-22 09:01:24'),
	(56,119,'Harrison Kulas','Magnam est sapiente pariatur. Est molestiae id voluptatem qui sit. Voluptas labore delectus non natus illum. Voluptatibus iste neque doloremque vitae occaecati quibusdam.',1,'2020-09-22 09:01:24','2020-09-22 09:01:24'),
	(57,146,'Prof. Cydney Gibson','Quia accusamus eos aut ad. Consequuntur et suscipit sed suscipit ea quia repellendus. Perspiciatis possimus assumenda tempora dolor quia soluta iste eveniet.',2,'2020-09-22 09:01:24','2020-09-22 09:01:24'),
	(58,145,'Loma Senger','Eum in doloremque ut odio possimus. Nulla occaecati sed omnis itaque facere qui natus aspernatur. Ea est aliquam omnis tempore est. Excepturi dicta reprehenderit et.',0,'2020-09-22 09:01:24','2020-09-22 09:01:24'),
	(59,120,'Prof. Joana Thompson Sr.','Ullam vel ipsum et et maiores necessitatibus ipsa. Voluptates veniam tenetur et maxime. Aliquid facilis odit corrupti dolorem.',3,'2020-09-22 09:01:24','2020-09-22 09:01:24'),
	(60,145,'Breanne Jacobs PhD','Qui sed non corrupti quis dolore sint dignissimos. Deleniti ab accusamus aut dolor sit quisquam. Sed incidunt ipsum minima sit consectetur cupiditate ea. Nisi quo nam odio neque sapiente veniam.',4,'2020-09-22 09:01:24','2020-09-22 09:01:24'),
	(61,147,'Khalid Bernhard','Est natus ad eius officia doloribus. Iste quisquam qui velit accusamus. Ipsa perspiciatis ex qui ut et a perspiciatis eveniet. Dolore qui sit voluptates expedita incidunt quia doloribus.',2,'2020-09-22 09:01:24','2020-09-22 09:01:24'),
	(62,145,'Elnora Ullrich','Autem quo et consequatur maiores. Cumque enim ea possimus expedita ducimus et. Reprehenderit in voluptate aut deleniti odio illum corrupti voluptatem.',0,'2020-09-22 09:01:24','2020-09-22 09:01:24'),
	(63,136,'Miss Berniece Cronin','Dolore labore sit fuga rerum a quo quos veniam. Quo commodi qui harum. Ab voluptatibus minima fuga cupiditate. Et aut quae corrupti eum voluptatem hic dolores dolorem.',2,'2020-09-22 09:01:24','2020-09-22 09:01:24'),
	(64,111,'Prof. Laurie Ratke','Dolores molestiae nostrum blanditiis qui aut praesentium nam voluptas. Dolores quisquam commodi non nulla nulla aut qui. Eum sint aut delectus quidem et. Dicta asperiores eos id.',2,'2020-09-22 09:01:24','2020-09-22 09:01:24'),
	(65,143,'Corrine Gutmann','Quia iste est quod. Vitae in qui aut in quia iste. Qui ut tempore ea eos optio omnis. Odit omnis repellat in non maxime.',2,'2020-09-22 09:01:24','2020-09-22 09:01:24'),
	(66,138,'Vesta McDermott DVM','Iste et nobis sequi doloremque voluptates. Inventore deserunt qui ut occaecati et voluptatem. Et non incidunt iusto eum nemo a neque non.',3,'2020-09-22 09:01:24','2020-09-22 09:01:24'),
	(67,147,'Hollie Boehm','Libero maiores nostrum at autem ut quia qui. Cupiditate vero vero rerum minus. Veritatis est quae ipsam minus quasi enim unde.',0,'2020-09-22 09:01:24','2020-09-22 09:01:24'),
	(68,140,'Jace Hickle','Quo facere maiores quo iusto. Non in iste enim ad. Consequatur aut ut nobis atque inventore. Eius qui adipisci illo praesentium.',0,'2020-09-22 09:01:24','2020-09-22 09:01:24'),
	(69,103,'Mafalda Mertz','Accusamus omnis quia incidunt reprehenderit explicabo nihil. Voluptate recusandae error praesentium quo et fugit repudiandae. Reprehenderit repellendus blanditiis voluptatem labore. Et distinctio qui ipsum voluptas est debitis.',1,'2020-09-22 09:01:24','2020-09-22 09:01:24'),
	(70,134,'Vernie Rodriguez','Reiciendis qui necessitatibus qui cupiditate debitis. Eius libero provident quis ut dolores. Dolorum placeat aut sit doloribus cupiditate atque. Sit autem sit distinctio.',2,'2020-09-22 09:01:24','2020-09-22 09:01:24'),
	(71,128,'Miss Alisa Stracke MD','Dolor quaerat blanditiis eum temporibus qui id magni. Sint voluptatem similique officiis architecto amet omnis odio. Vel qui sint quis perferendis est omnis delectus.',2,'2020-09-22 09:01:24','2020-09-22 09:01:24'),
	(72,125,'Mrs. Sierra Quitzon','Sapiente qui molestiae ut. Error accusantium voluptatum possimus et ab consectetur. Perferendis tenetur rerum quia voluptas explicabo.',5,'2020-09-22 09:01:24','2020-09-22 09:01:24'),
	(73,137,'Jarvis Runte','Labore dolores excepturi earum aut tempore. Sit asperiores assumenda assumenda. Rem molestiae aperiam omnis qui vero quod. Voluptas consequuntur beatae quia qui dolores velit iusto.',0,'2020-09-22 09:01:24','2020-09-22 09:01:24'),
	(74,112,'Sherman Labadie','Et ratione doloremque consequuntur cumque. Ratione qui est repudiandae iure. Id voluptates dolor amet voluptatem.',5,'2020-09-22 09:01:24','2020-09-22 09:01:24'),
	(75,150,'Guiseppe Jerde Jr.','Voluptas est ut vero at. Eveniet porro cum necessitatibus nulla. Harum accusamus quasi voluptas odit hic. Commodi consequatur voluptatem rerum ea.',5,'2020-09-22 09:01:24','2020-09-22 09:01:24'),
	(76,105,'Ms. Eloisa Altenwerth','Consequuntur tenetur iste reprehenderit. Quia aperiam veritatis id. Placeat molestias sed vel sint ut adipisci. Deserunt veritatis repellat sint ratione voluptas tempora pariatur.',1,'2020-09-22 09:01:24','2020-09-22 09:01:24'),
	(77,146,'Prof. Ethan Koepp I','Impedit consectetur ducimus explicabo quidem ea. Aut aliquid ipsa nemo fugiat. Voluptates molestiae dolorem voluptas laborum minus. Ex quasi blanditiis id esse dignissimos dignissimos quisquam.',0,'2020-09-22 09:01:24','2020-09-22 09:01:24'),
	(78,145,'Ezra Jacobs','Dolorem dolorem qui ut. Aperiam minima molestias vitae blanditiis facere laudantium in. Sit unde at autem.',2,'2020-09-22 09:01:24','2020-09-22 09:01:24'),
	(79,113,'Miss Neha Haley II','Molestiae vitae quam quas illo. Voluptatem deleniti delectus dolor in nostrum blanditiis. Itaque natus maxime minus reprehenderit ut molestiae pariatur. Dolorum aut illo dolores nobis consequatur quo.',4,'2020-09-22 09:01:24','2020-09-22 09:01:24'),
	(80,115,'Arjun Langworth DVM','Illum ipsam nemo nesciunt ea. Veniam quo qui molestias fugiat consequatur nemo. Doloribus totam dolore qui quibusdam sequi.',4,'2020-09-22 09:01:24','2020-09-22 09:01:24'),
	(81,110,'Gayle McCullough Jr.','Sint dolores minus eum. Natus et voluptatem est voluptatem. Dolorem exercitationem magnam autem non vero ut praesentium. Eveniet distinctio possimus rerum ipsum praesentium nostrum.',4,'2020-09-22 09:01:24','2020-09-22 09:01:24'),
	(82,107,'Jennings Kerluke','Qui dignissimos fugiat atque voluptate debitis provident maiores nihil. Quis et omnis consequatur eaque qui. Similique sed reprehenderit nobis modi mollitia nihil ut.',2,'2020-09-22 09:01:24','2020-09-22 09:01:24'),
	(83,150,'Georgette Stracke','Ut sed nostrum optio aut rem reprehenderit distinctio. Reiciendis a laboriosam dignissimos aliquam modi. Sed omnis alias pariatur eos. Ut quasi magni possimus velit maxime et expedita. Magni harum omnis dignissimos voluptatem enim est inventore laborum.',5,'2020-09-22 09:01:24','2020-09-22 09:01:24'),
	(84,110,'Destini Monahan','Reprehenderit nemo velit iste est. Quis consequatur repudiandae expedita neque ipsam inventore sint. Qui laborum dolores blanditiis at veniam. Ut sit ut laboriosam impedit voluptatum harum qui.',5,'2020-09-22 09:01:24','2020-09-22 09:01:24'),
	(85,147,'Mrs. Rosanna Schowalter Sr.','Laudantium corrupti repudiandae iure rem magnam. Quidem suscipit tempora ad eum vero sed.',4,'2020-09-22 09:01:24','2020-09-22 09:01:24'),
	(86,132,'Prof. Elbert Ryan DVM','Architecto quos asperiores mollitia sequi molestias perferendis recusandae. Laboriosam quod minima ad ab sit.',1,'2020-09-22 09:01:24','2020-09-22 09:01:24'),
	(87,143,'Mac Maggio III','Voluptas eos dicta rerum sed sapiente autem. Fuga natus possimus necessitatibus officiis saepe tenetur nemo. Sint deserunt voluptatibus in.',5,'2020-09-22 09:01:24','2020-09-22 09:01:24'),
	(88,104,'Herminia Zboncak','Necessitatibus maiores autem qui amet. In eligendi quo qui voluptatem aperiam repellat ipsum. Similique ut eos modi consequatur et distinctio ullam. Natus ex alias beatae sit qui.',3,'2020-09-22 09:01:24','2020-09-22 09:01:24'),
	(89,112,'Reynold Abernathy','Consectetur dolore perferendis veritatis officia odio necessitatibus. Aut sed delectus eum. Magnam aperiam qui laboriosam commodi voluptatibus possimus maiores.',0,'2020-09-22 09:01:24','2020-09-22 09:01:24'),
	(90,142,'Prof. Jerrold Hill','Voluptatem earum expedita dolores. Molestias cum iste doloribus impedit quae nobis quae. Qui distinctio atque quo aliquam dolor eveniet sed. At inventore et aut blanditiis laborum consequuntur similique.',0,'2020-09-22 09:01:24','2020-09-22 09:01:24'),
	(91,112,'Obie Runolfsdottir','Quisquam vitae voluptates autem rerum libero dolorem. Repellat ut et culpa at similique exercitationem earum veniam. Possimus veniam ex eius accusantium magni.',1,'2020-09-22 09:01:24','2020-09-22 09:01:24'),
	(92,129,'Dr. Caroline Rogahn','Voluptas et consequatur enim vero laboriosam. Nesciunt quidem recusandae quia perspiciatis placeat fugiat deleniti. Quidem labore nulla excepturi. Suscipit tempora a itaque id.',5,'2020-09-22 09:01:24','2020-09-22 09:01:24'),
	(93,130,'Curtis Thiel','Sit labore qui tempora cupiditate cum. Dolores quidem natus nobis. Dolorem et dolorem delectus.',2,'2020-09-22 09:01:24','2020-09-22 09:01:24'),
	(94,125,'Raoul Lockman','A quis adipisci iste aut voluptatem. Rerum et possimus animi voluptatum in et cum. Quia expedita aliquam dolorum facilis cumque laborum et. Ab enim dolor magni hic placeat beatae.',0,'2020-09-22 09:01:24','2020-09-22 09:01:24'),
	(95,127,'Lloyd Cormier','Aspernatur eveniet adipisci a placeat soluta ea magnam. Sit occaecati rem ea culpa molestiae.',2,'2020-09-22 09:01:24','2020-09-22 09:01:24'),
	(96,102,'Keon Langosh MD','Est accusantium reiciendis est autem recusandae. Sit ducimus impedit tenetur. Nostrum earum enim sequi pariatur non quia. Debitis non est exercitationem dignissimos totam.',0,'2020-09-22 09:01:24','2020-09-22 09:01:24'),
	(97,137,'Ivory Gibson Sr.','Autem quis sit ex ex earum. Aut tempora rerum sequi eum.',5,'2020-09-22 09:01:24','2020-09-22 09:01:24'),
	(98,112,'Beatrice Koss','Expedita quo quis eum quod ut beatae. Eius a aliquid quae sunt laborum et possimus. Atque qui voluptas nisi magnam et et voluptas. Nemo saepe occaecati in nisi ipsum tenetur iste omnis.',5,'2020-09-22 09:01:24','2020-09-22 09:01:24'),
	(99,118,'Mrs. Antonietta Lueilwitz III','Exercitationem accusantium aut culpa impedit sequi. Placeat illo a sed quas neque. Cumque et tenetur nam. Quisquam nam corporis commodi.',4,'2020-09-22 09:01:24','2020-09-22 09:01:24'),
	(100,122,'Gerardo Kiehn','Odio et repudiandae porro est. Mollitia optio sit sed deleniti. Magni illo ut rerum fugiat voluptate.',0,'2020-09-22 09:01:24','2020-09-22 09:01:24'),
	(101,114,'Fritz D\'Amore','Error voluptatem ipsam sunt odio illo. Quidem molestiae consequatur deleniti atque voluptates qui. Rerum perferendis omnis provident enim consectetur aliquam ut.',1,'2020-09-22 09:01:24','2020-09-22 09:01:24'),
	(102,135,'Baron Braun','Doloremque quidem qui consectetur vitae quos. Omnis voluptatem ex ut libero voluptates enim aut. Atque ut et cupiditate.',1,'2020-09-22 09:01:24','2020-09-22 09:01:24'),
	(103,137,'Jesus White','Quisquam iste vitae veniam laborum excepturi consequatur. Est voluptatum iure rerum et nihil sed. Omnis quia architecto ut tempora mollitia aliquam ut.',2,'2020-09-22 09:01:24','2020-09-22 09:01:24'),
	(104,107,'Lyla Ritchie','Iste maxime aut maxime quo cumque. Odit sequi accusantium omnis dolores. Dolores et dolor dolore harum voluptas. Distinctio voluptas consequatur non deserunt alias fugiat. Error iste voluptatem quidem est sit voluptate.',4,'2020-09-22 09:01:24','2020-09-22 09:01:24'),
	(105,129,'Elyssa Emard Jr.','Voluptatibus laboriosam suscipit velit aut tenetur. Ipsa quidem non dolor. Fugit eum aut debitis deleniti.',1,'2020-09-22 09:01:24','2020-09-22 09:01:24'),
	(106,136,'Tito Stroman Sr.','Cum molestiae adipisci quibusdam modi. Dignissimos illum excepturi assumenda consequatur est molestiae. Ea sapiente est dolores aliquam et tempore quo.',4,'2020-09-22 09:01:24','2020-09-22 09:01:24'),
	(107,124,'Chase VonRueden I','Voluptate aspernatur laboriosam officiis nihil consectetur architecto. Adipisci eos eius esse id voluptas. Occaecati occaecati impedit cumque tempore cum. Sit et repellendus ex id consectetur. Et non iste minus inventore vel.',4,'2020-09-22 09:01:24','2020-09-22 09:01:24'),
	(108,129,'Herminia Homenick V','Tempore fugit perspiciatis earum aliquam nobis eos possimus. Eveniet architecto libero aut numquam. Numquam qui est doloremque repellat doloribus voluptates animi. Laboriosam nesciunt architecto quidem explicabo veritatis ut cum.',4,'2020-09-22 09:01:24','2020-09-22 09:01:24'),
	(109,130,'Krista Bartoletti','Sit fugiat illum fuga aperiam. Nihil eligendi autem beatae voluptate. Dolor nam aliquid vel corrupti est placeat. Et ipsa temporibus voluptate est. Iure esse quia ullam et eius labore.',1,'2020-09-22 09:01:24','2020-09-22 09:01:24'),
	(110,112,'Prof. Olga Moen DDS','Provident et repudiandae dolor impedit libero id. Molestiae rerum recusandae eius est quo nobis. Eligendi ut et exercitationem et aperiam. Aspernatur praesentium voluptatibus quos labore quis.',1,'2020-09-22 09:01:24','2020-09-22 09:01:24'),
	(111,142,'Coleman Green','Eos sapiente consequuntur harum porro. Est temporibus quis molestiae inventore molestias porro rem.',3,'2020-09-22 09:01:24','2020-09-22 09:01:24'),
	(112,117,'Ally Ledner','Inventore corporis hic optio nobis odit ratione. Ipsum dolore libero voluptatibus necessitatibus sed sit voluptatibus. Inventore mollitia odit doloremque ab dolor aut consequatur.',4,'2020-09-22 09:01:24','2020-09-22 09:01:24'),
	(113,115,'Dayton Gaylord','Illo ipsum velit quo temporibus. Facere vitae explicabo dolor in deserunt impedit. Accusantium similique natus natus tempore. Illo qui non animi sed incidunt iste et.',0,'2020-09-22 09:01:24','2020-09-22 09:01:24'),
	(114,121,'Audie Ledner','Sed nostrum vel ipsum natus temporibus laboriosam. Laboriosam odit et mollitia ut. Quisquam minus et possimus.',5,'2020-09-22 09:01:24','2020-09-22 09:01:24'),
	(115,145,'Odell Baumbach','Amet qui beatae expedita occaecati sed laudantium dolor. Deserunt in velit nemo quia assumenda. Qui odio possimus at eligendi facere. Ipsa qui iusto odio suscipit ut.',4,'2020-09-22 09:01:24','2020-09-22 09:01:24'),
	(116,118,'Elton Streich','Ut ipsam natus itaque voluptas officiis sit accusamus. Architecto temporibus fugiat beatae sit odit. Quisquam quia accusantium dolorem ratione et. Libero facere velit ex esse repellat necessitatibus iure.',1,'2020-09-22 09:01:24','2020-09-22 09:01:24'),
	(117,102,'Miss Jessika Lakin','Eum aspernatur est placeat beatae distinctio sit excepturi. Vel repudiandae aut quam est. Aliquam esse aut est iure dolorum omnis minima quis. Et non asperiores eligendi doloribus.',2,'2020-09-22 09:01:24','2020-09-22 09:01:24'),
	(118,102,'Eulah Fahey','Corporis voluptates libero quisquam provident necessitatibus est. Ea facere fugit placeat adipisci vel porro totam. Quae sequi eum consequatur similique neque. Facilis eum laborum cumque et et tempora.',2,'2020-09-22 09:01:24','2020-09-22 09:01:24'),
	(119,108,'Zoey Runte','Ipsum qui saepe culpa quos ducimus unde necessitatibus. Tenetur cupiditate ut recusandae provident quam quod beatae. Omnis enim possimus qui.',4,'2020-09-22 09:01:24','2020-09-22 09:01:24'),
	(120,123,'Jaron Bruen','Iusto vel facilis amet iure porro tenetur. Eveniet impedit repudiandae sit pariatur. Saepe consectetur exercitationem quia commodi ab. Et rerum consequatur ea fugit numquam ut cupiditate. Sit maxime quaerat eos a nihil quia.',1,'2020-09-22 09:01:24','2020-09-22 09:01:24'),
	(121,106,'Ms. Lulu Harvey','Nisi id impedit distinctio dolor laborum. Nostrum ipsum accusamus aperiam id. Dolor dolores voluptas aliquid minima eaque. Enim quas quis sint aut quis voluptas autem.',2,'2020-09-22 09:01:24','2020-09-22 09:01:24'),
	(122,147,'Sterling Schulist','Inventore voluptates sapiente voluptatem est quos. Fuga voluptatum assumenda sed aperiam sed. Repellat sit sunt corporis quia est aut.',5,'2020-09-22 09:01:24','2020-09-22 09:01:24'),
	(123,132,'Linwood Thiel II','Quidem maiores provident neque ad quia. Quo corrupti pariatur saepe vel quo ut quia. Doloribus pariatur laudantium sed sequi. Voluptate vel itaque et architecto quibusdam aut recusandae. Laborum ab officiis at id omnis dolores.',4,'2020-09-22 09:01:24','2020-09-22 09:01:24'),
	(124,134,'Oran Schumm','Deleniti dignissimos voluptas quibusdam non quo eligendi aut. Voluptatibus ipsam nesciunt dolores aut. Ab ut sed eaque optio perferendis deserunt.',1,'2020-09-22 09:01:24','2020-09-22 09:01:24'),
	(125,148,'Kurtis Hagenes PhD','Vitae corporis atque eos praesentium perspiciatis debitis nostrum. Inventore dolorum placeat maiores tempore quae. Soluta facere recusandae officia corporis error voluptatem. Voluptatibus veritatis et earum ex.',0,'2020-09-22 09:01:24','2020-09-22 09:01:24'),
	(126,119,'Prof. General Yundt II','Amet error vel possimus necessitatibus inventore. Cumque sed provident rerum occaecati rerum neque quo. Mollitia aut id earum necessitatibus. Ea soluta repudiandae debitis temporibus ut illo.',1,'2020-09-22 09:01:24','2020-09-22 09:01:24'),
	(127,123,'Catherine Schimmel I','Et laudantium ipsam animi quasi aut quia quo vitae. Delectus consectetur aut quis ullam dolor. Officia aperiam dignissimos et. Autem ea animi est rerum unde cum.',2,'2020-09-22 09:01:24','2020-09-22 09:01:24'),
	(128,113,'Ona Schuppe','Hic consequatur rem sint labore tenetur expedita doloremque eum. Repellat quis a beatae id fuga. Ipsam quo ut in laborum. Et qui doloremque qui odit.',5,'2020-09-22 09:01:24','2020-09-22 09:01:24'),
	(129,126,'Leola Ullrich','Sed necessitatibus temporibus soluta iusto esse fugiat. Mollitia delectus dicta et et consequatur. Accusantium fugiat nihil omnis rem dignissimos.',2,'2020-09-22 09:01:24','2020-09-22 09:01:24'),
	(130,137,'Shaylee Nader','Adipisci quia tempora necessitatibus. Quo maiores dolorem perferendis ipsa. Aut rem illo est perferendis vero.',0,'2020-09-22 09:01:24','2020-09-22 09:01:24'),
	(131,120,'Lilla Koss','Vel exercitationem iste ex. Sint quo assumenda accusamus voluptatibus fugit est illum. Vel sunt cumque voluptatem est enim non aspernatur.',3,'2020-09-22 09:01:24','2020-09-22 09:01:24'),
	(132,133,'Brandy Jacobi','Consequatur impedit quia repellat eos illum consequatur. Temporibus rerum facilis sequi voluptatibus voluptates ex. Qui quidem soluta nihil.',4,'2020-09-22 09:01:24','2020-09-22 09:01:24'),
	(133,113,'Mrs. Palma DuBuque II','Quis consequatur alias et autem. Sed quo corporis sed officia sint est sit. Aperiam doloremque dolores rerum provident.',1,'2020-09-22 09:01:24','2020-09-22 09:01:24'),
	(134,121,'Leopold Hauck IV','Aliquid rerum reprehenderit et ut. Quibusdam et modi sit. Eligendi esse dolor asperiores sunt illum tempora tempora. Id quidem exercitationem ab est nobis sint.',4,'2020-09-22 09:01:24','2020-09-22 09:01:24'),
	(135,147,'Hassie Donnelly','Aut dolor aut est blanditiis aut at velit labore. Sit odio sed ut nulla.',1,'2020-09-22 09:01:24','2020-09-22 09:01:24'),
	(136,122,'Else Kihn','Fugit non voluptatum deserunt doloribus eveniet ut. Aliquid qui porro distinctio et. Soluta quis eius ullam qui. Pariatur quo rerum id consequatur quo sed.',5,'2020-09-22 09:01:24','2020-09-22 09:01:24'),
	(137,138,'Alfonzo Hansen','Aut occaecati sunt hic aut. Qui et suscipit labore facilis. Quis aut est porro consequatur pariatur. Repellat omnis repudiandae optio molestiae dicta.',4,'2020-09-22 09:01:24','2020-09-22 09:01:24'),
	(138,146,'Dr. Leone Zemlak IV','Explicabo odio est soluta suscipit libero perferendis sed. Quibusdam aut quae vel consequatur. Deleniti esse voluptatem voluptates nemo officia.',3,'2020-09-22 09:01:24','2020-09-22 09:01:24'),
	(139,136,'Marjorie Veum','Dignissimos cum autem officiis quam sint fugiat. Sunt ut eos molestiae est molestiae. Quasi quibusdam adipisci velit a unde.',3,'2020-09-22 09:01:24','2020-09-22 09:01:24'),
	(140,131,'Alessandra Farrell','Sed facilis nostrum aut necessitatibus. Nostrum aut sed nobis non impedit consequatur distinctio. Cum et doloremque quis aut et architecto aut. Quis porro est et qui quod tempora quae.',3,'2020-09-22 09:01:24','2020-09-22 09:01:24'),
	(141,141,'Prof. Hayden Jast III','Illo assumenda non veritatis quis aut. Sit reprehenderit repudiandae alias et quas magnam. Ipsam et reiciendis nemo placeat. Quidem qui sed voluptatibus qui eveniet provident reprehenderit.',5,'2020-09-22 09:01:24','2020-09-22 09:01:24'),
	(142,149,'Lisette Bailey','Quae inventore minus asperiores. Culpa eum beatae aut eveniet. Dolores occaecati praesentium non voluptatum eligendi hic.',2,'2020-09-22 09:01:24','2020-09-22 09:01:24'),
	(143,119,'Benton Schmidt III','Sequi ut et non temporibus modi aut. Similique occaecati consequatur error est. Nemo officia alias reiciendis.',0,'2020-09-22 09:01:24','2020-09-22 09:01:24'),
	(144,144,'Luciano Vandervort III','Sunt accusamus est quia vel. Voluptatem aut adipisci ut dolorem praesentium. Ea facere atque omnis facilis sed.',1,'2020-09-22 09:01:24','2020-09-22 09:01:24'),
	(145,141,'Dr. Mavis Jast','Perferendis eaque animi est. Quidem voluptatem quis aliquid sed et error voluptatem ut. Occaecati id dolorem quis.',2,'2020-09-22 09:01:24','2020-09-22 09:01:24'),
	(146,110,'Prof. Harry Schroeder','Voluptas vitae asperiores voluptatem qui id et. Est quia amet ut nihil magni aliquid non. Voluptates ab repellat facilis est non laudantium. Esse ab consequatur non magni unde perferendis.',1,'2020-09-22 09:01:24','2020-09-22 09:01:24'),
	(147,149,'Mr. Jaydon Rodriguez II','Voluptas error quibusdam iusto. Excepturi ullam excepturi accusamus dignissimos quae. Quisquam vel impedit porro soluta vitae ducimus. Tempora omnis porro autem itaque labore.',3,'2020-09-22 09:01:24','2020-09-22 09:01:24'),
	(148,109,'Leslie Schiller','Quas sit ducimus ullam adipisci. Veritatis debitis doloribus eligendi ab rerum dignissimos consequatur porro. Et voluptatem eum pariatur. Eos et necessitatibus distinctio inventore laborum deleniti.',5,'2020-09-22 09:01:24','2020-09-22 09:01:24'),
	(149,147,'Juanita Torp','Ipsum et porro a quo possimus magni. Id quis autem inventore alias nam. Ratione sed eum quibusdam. Nemo alias quia et neque quod quam provident.',1,'2020-09-22 09:01:24','2020-09-22 09:01:24'),
	(150,146,'Arden Kuhlman','Aut sed quod et ab. Qui necessitatibus quod ut sunt deleniti nisi ducimus. Quam voluptatibus officiis veniam omnis odio.',2,'2020-09-22 09:01:24','2020-09-22 09:01:24'),
	(151,129,'Cathryn Murazik II','Qui distinctio nesciunt expedita consectetur nostrum ad maxime. Omnis eligendi libero qui. Aut dolore sint laborum libero modi. Molestiae earum est quia itaque facere dolore. Corporis temporibus incidunt sit quos dolore nostrum.',3,'2020-09-22 09:01:24','2020-09-22 09:01:24'),
	(152,145,'Mrs. Tomasa Altenwerth','Praesentium blanditiis enim doloribus qui quod voluptas ducimus fuga. Dolores aut quia odit aut esse. Laudantium molestiae autem id alias ut laudantium. Nihil enim dignissimos sed modi et voluptate reiciendis.',4,'2020-09-22 09:01:24','2020-09-22 09:01:24'),
	(153,144,'Sydney West','Aliquam id natus est corporis maxime vel sint. Magnam eius aliquid et qui. Molestiae omnis odio autem omnis.',0,'2020-09-22 09:01:24','2020-09-22 09:01:24'),
	(154,150,'Jailyn Keebler','Quia ut voluptate sed labore veritatis. Culpa veritatis in asperiores dignissimos debitis expedita. Impedit nam tempore omnis architecto iusto libero ut sequi.',5,'2020-09-22 09:01:24','2020-09-22 09:01:24'),
	(155,111,'Otto Sanford','Ut et ipsum animi alias. Quidem ipsam rerum et facilis. Perspiciatis asperiores autem earum tempora. Non dolorem quia perferendis eos porro qui.',3,'2020-09-22 09:01:24','2020-09-22 09:01:24'),
	(156,130,'Isaac Leffler','Voluptate tempore asperiores impedit rerum quia eos quae. Possimus facere quas ut maiores qui. Inventore non quidem blanditiis sed ut excepturi.',3,'2020-09-22 09:01:24','2020-09-22 09:01:24'),
	(157,133,'Ofelia Dicki','Sunt culpa et harum fugit. Officiis vel exercitationem enim.',4,'2020-09-22 09:01:24','2020-09-22 09:01:24'),
	(158,142,'Marcelina Hyatt','Iste sint placeat occaecati debitis. Eum nam modi ullam consectetur accusantium animi. Voluptas et quia in nisi cumque unde.',0,'2020-09-22 09:01:24','2020-09-22 09:01:24'),
	(159,116,'Mr. Santiago Hirthe','Dolorum pariatur iure reiciendis magni. Quia beatae numquam necessitatibus dolores illum labore et. Dolorum adipisci dolore consectetur quia optio suscipit excepturi repellat.',1,'2020-09-22 09:01:24','2020-09-22 09:01:24'),
	(160,118,'Stuart Schneider II','Eum qui esse eos quisquam ratione. Ipsa et reiciendis aut quasi minus eligendi at. Est quaerat aliquam sequi architecto inventore ut.',5,'2020-09-22 09:01:24','2020-09-22 09:01:24'),
	(161,135,'Dr. Davion Heller Jr.','Ipsa mollitia vero facilis provident. Esse facilis a eos beatae. Nihil saepe quod ipsam qui nostrum blanditiis ut. Laudantium sed repellendus officiis iusto libero quia laborum.',1,'2020-09-22 09:01:24','2020-09-22 09:01:24'),
	(162,125,'Ms. Francesca Kuhic','Nostrum qui consequatur et itaque molestiae et. Quo eos sed voluptatem dolor et sit dolores. Sunt odio est et officiis sint aut.',0,'2020-09-22 09:01:24','2020-09-22 09:01:24'),
	(163,124,'Ned Parker II','Sed veniam eos reprehenderit sint dolor voluptates. Pariatur voluptas vero delectus deleniti est consequatur. Veniam et et dolor quidem dolores totam omnis.',2,'2020-09-22 09:01:24','2020-09-22 09:01:24'),
	(164,120,'Willa Kunde DDS','Rem aspernatur atque quis porro. Possimus officiis atque dolorem architecto libero deserunt.',0,'2020-09-22 09:01:24','2020-09-22 09:01:24'),
	(165,110,'Hildegard Bartell','Cumque neque quos dolore qui molestias. Et ea quas omnis accusamus aspernatur. Velit quo eos voluptatem rerum libero est eum. Adipisci libero quam repudiandae est quo quo ipsam deleniti.',2,'2020-09-22 09:01:24','2020-09-22 09:01:24'),
	(166,107,'Ms. Brenda Will','Optio sed dolorem iste maxime accusantium. Labore est alias ex officiis. Sapiente mollitia odit aliquid enim laboriosam. Nihil ut atque maiores minima aspernatur.',5,'2020-09-22 09:01:24','2020-09-22 09:01:24'),
	(167,116,'Ava West','Qui veritatis quos tempore maiores suscipit eligendi. Rerum quas quis debitis provident molestiae. Delectus est dolorem qui impedit. Non fugiat odit in dignissimos.',5,'2020-09-22 09:01:24','2020-09-22 09:01:24'),
	(168,127,'Phoebe Armstrong','Voluptas ut voluptas nostrum non et. Minus pariatur quia maxime facere unde. Est maiores non quo a quidem deleniti. Rerum dolores necessitatibus excepturi nobis.',5,'2020-09-22 09:01:24','2020-09-22 09:01:24'),
	(169,113,'Jaunita Cummerata','Optio reprehenderit omnis aut et vero officia dolores corporis. Est facilis error culpa placeat. Nemo ut deleniti illo aliquam quisquam animi sint perferendis.',2,'2020-09-22 09:01:24','2020-09-22 09:01:24'),
	(170,130,'Earline Rodriguez','Incidunt eos voluptatum unde officia. Numquam perspiciatis et consequatur ut. Dicta et laboriosam ullam quis non rem delectus. Sit tempore praesentium nostrum explicabo voluptates aut sed. Nobis dignissimos ullam cupiditate.',0,'2020-09-22 09:01:24','2020-09-22 09:01:24'),
	(171,105,'Prof. Reginald Barton V','Nulla officia eaque veniam voluptatum minima impedit eius. Illo fugit porro est totam nobis odio eius. Quasi sint nemo dignissimos libero rerum ullam quo.',0,'2020-09-22 09:01:24','2020-09-22 09:01:24'),
	(172,118,'Ole DuBuque','In totam suscipit nam praesentium. Veritatis consectetur minima libero excepturi. Quos eligendi asperiores amet impedit nihil ut. Corporis fuga aut laboriosam deleniti.',2,'2020-09-22 09:01:24','2020-09-22 09:01:24'),
	(173,113,'Alfredo Feest','Consectetur veritatis deleniti aperiam vel. Qui similique architecto rerum sed maiores.',1,'2020-09-22 09:01:24','2020-09-22 09:01:24'),
	(174,132,'Mr. Benedict Dickinson III','Delectus eum optio voluptatibus quis eum nobis doloribus. Esse vel occaecati autem non aspernatur necessitatibus vero. Quam est quasi aspernatur debitis.',4,'2020-09-22 09:01:24','2020-09-22 09:01:24'),
	(175,112,'Kaylie Fisher','Placeat nam neque sint qui. Magnam corporis quia ut. Voluptates voluptas qui odio soluta praesentium. Voluptatem et beatae explicabo quia exercitationem et.',0,'2020-09-22 09:01:24','2020-09-22 09:01:24'),
	(176,109,'Mr. Reyes Reinger V','Cumque vitae dolorem eveniet fugiat. Dolore non unde voluptatum et similique. Voluptate consequatur illo quia molestiae omnis. Illo dolor sint magnam et rem delectus.',1,'2020-09-22 09:01:24','2020-09-22 09:01:24'),
	(177,117,'Naomi Daugherty','Animi veniam consequuntur alias consequatur dolorem. Aut vitae aspernatur rerum nihil iste consequatur reprehenderit amet. Officiis aut totam non occaecati hic doloremque. Sed repellat aperiam et aliquid animi in qui.',0,'2020-09-22 09:01:24','2020-09-22 09:01:24'),
	(178,119,'Myron Fadel','Ut occaecati in hic eos consequatur modi. Et voluptates quidem saepe distinctio voluptas cum voluptatem.',0,'2020-09-22 09:01:24','2020-09-22 09:01:24'),
	(179,125,'Prof. Ivah Watsica','Quae dolor neque accusantium deleniti quidem. Est autem dolor cum. Voluptatem similique ut neque itaque adipisci laudantium iste ea.',3,'2020-09-22 09:01:24','2020-09-22 09:01:24'),
	(180,138,'Jacquelyn Trantow','Accusantium qui rem unde quo tempore perspiciatis. Occaecati dolores ipsa aspernatur earum debitis placeat sint impedit. Expedita laborum maxime aut quas est. Dolorum dolor fugiat aut in mollitia consequuntur dolor.',3,'2020-09-22 09:01:24','2020-09-22 09:01:24'),
	(181,101,'Izabella Williamson V','Quos consequatur et officiis nisi fugit nesciunt. Ut accusantium voluptates cum laboriosam rerum dolorem. Libero sint neque maiores dolores. Iste consectetur modi sunt doloribus est.',4,'2020-09-22 09:01:24','2020-09-22 09:01:24'),
	(182,146,'Cynthia Dooley','Aut ducimus iste occaecati sapiente. Quis ducimus exercitationem omnis sed consequatur. Minus qui at sit neque consequuntur. Doloremque sunt et eligendi est facilis placeat nobis fugiat. Libero quia distinctio tempore vero ullam et.',2,'2020-09-22 09:01:24','2020-09-22 09:01:24'),
	(183,128,'Janis Connelly','Repudiandae in nihil a iure praesentium. Voluptas ducimus similique minima perferendis saepe aliquid amet dolorum. Ut et aperiam vel assumenda repudiandae ullam.',3,'2020-09-22 09:01:24','2020-09-22 09:01:24'),
	(184,138,'Prof. Nelle Blick','Rerum cupiditate ipsam esse. Provident voluptatem consequatur aliquam inventore tenetur.',0,'2020-09-22 09:01:24','2020-09-22 09:01:24'),
	(185,132,'Garnet Pfannerstill','Ex at corporis architecto officiis. Omnis omnis et iusto. Et quia placeat non esse necessitatibus fugit aliquid quos.',4,'2020-09-22 09:01:24','2020-09-22 09:01:24'),
	(186,110,'Maci Cassin II','Dolores quia hic aspernatur enim repellendus qui. Debitis distinctio possimus eligendi quia qui. Doloremque corrupti in maiores saepe occaecati quia ratione. Voluptas voluptatem ullam eos veritatis labore.',4,'2020-09-22 09:01:24','2020-09-22 09:01:24'),
	(187,103,'Donald Wilderman','Rerum velit explicabo atque dolorem. Iusto iste quo eum et quod eaque. Est quod omnis omnis laboriosam odit eos optio. Similique cum qui et.',1,'2020-09-22 09:01:24','2020-09-22 09:01:24'),
	(188,101,'Rhea Kemmer','Sed qui ut mollitia est facere. Nulla sit repellendus molestias id nihil aut delectus. Rerum qui illum sit omnis qui quisquam.',0,'2020-09-22 09:01:24','2020-09-22 09:01:24'),
	(189,117,'Mr. Walker Borer MD','Dolor voluptas molestiae similique aliquid magnam et. Fugiat quaerat reprehenderit saepe sed et.',5,'2020-09-22 09:01:24','2020-09-22 09:01:24'),
	(190,141,'Arnulfo Frami DVM','Dolores quae est assumenda architecto qui odio. Est ut aliquid commodi fugit. Reiciendis sequi aut qui voluptates vel vel. Ut nemo aliquam porro assumenda sit reprehenderit quia.',4,'2020-09-22 09:01:24','2020-09-22 09:01:24'),
	(191,137,'Prof. Erling Klein III','Consequatur quia voluptas iste itaque et voluptate eaque. Quae incidunt fugiat nisi odit dolor consequuntur. Dolores tempore illo corporis et amet consequatur. Dolorum et quibusdam harum cupiditate.',3,'2020-09-22 09:01:24','2020-09-22 09:01:24'),
	(192,117,'Ben Kub IV','Provident voluptas dolor nesciunt illo molestias praesentium. Dolores ea pariatur rerum. Qui quia quos deleniti eaque facere provident. Beatae atque ducimus corporis voluptatem voluptatem aut.',4,'2020-09-22 09:01:24','2020-09-22 09:01:24'),
	(193,102,'Jane Terry Sr.','In neque reprehenderit eaque odio expedita. Nam quaerat ea dolor odio minima enim in. Reprehenderit aperiam voluptatum hic non culpa.',5,'2020-09-22 09:01:24','2020-09-22 09:01:24'),
	(194,140,'Alisa McGlynn','Autem soluta dolores alias neque nihil nulla. At est voluptatum suscipit tempore sed neque. Optio officiis et dolorem consequatur vel nesciunt nulla. Magnam quas praesentium quae id porro.',2,'2020-09-22 09:01:24','2020-09-22 09:01:24'),
	(195,129,'Pamela Wehner','Commodi amet pariatur veritatis tempore incidunt repellat. Odio ducimus delectus nobis quibusdam labore sint magnam. Quasi vel ipsa atque possimus porro ex nihil.',2,'2020-09-22 09:01:24','2020-09-22 09:01:24'),
	(196,136,'Blanca Batz','Ducimus ullam assumenda enim doloribus laudantium sapiente quasi. Commodi ut et minus. Et et at qui rerum. Eum repellendus ratione sapiente sapiente consequatur.',2,'2020-09-22 09:01:24','2020-09-22 09:01:24'),
	(197,108,'Brooklyn Schulist','Nesciunt laudantium nobis aspernatur rerum autem. Nulla quae repellendus necessitatibus repellendus aut inventore rerum molestiae. Voluptatum totam repellendus placeat perferendis nihil.',1,'2020-09-22 09:01:24','2020-09-22 09:01:24'),
	(198,110,'Dr. Albert Leuschke','Explicabo sed quisquam est error at consequatur consectetur. Sit fugiat hic et dolorum dolore vitae est. Et ea iusto voluptates earum eveniet accusantium expedita. Eum sunt assumenda perspiciatis consequuntur repellendus ipsum. Nemo rerum beatae dolor ab dolorum est.',1,'2020-09-22 09:01:24','2020-09-22 09:01:24'),
	(199,137,'Destiny Greenfelder','Est recusandae dicta cum aspernatur. Mollitia veritatis aut magni iusto aut sunt et. Sed tempora animi tempora vel aspernatur. Maiores voluptatem cupiditate sint tempora voluptatem ut error.',2,'2020-09-22 09:01:24','2020-09-22 09:01:24'),
	(200,144,'Jaylan Nienow','Architecto labore quasi quod ratione et maxime alias. Suscipit expedita praesentium aperiam libero rerum. Ipsum facere ut iste assumenda.',0,'2020-09-22 09:01:24','2020-09-22 09:01:24'),
	(201,146,'Ms. Makenzie Kuhn','Voluptate dolore occaecati quia cupiditate architecto quia dolorem. Velit nobis natus quaerat modi eveniet dicta. Animi blanditiis adipisci exercitationem nisi. Ut dolor sit vero iusto hic nam deleniti optio.',1,'2020-09-22 09:01:24','2020-09-22 09:01:24'),
	(202,114,'Dr. Pat Effertz DVM','Accusantium corrupti consectetur libero enim. Vitae quas cumque fuga explicabo distinctio. Dicta dolores officia illo aut et debitis.',1,'2020-09-22 09:01:24','2020-09-22 09:01:24'),
	(203,108,'Gonzalo Cole','Velit illum voluptatem qui mollitia. Unde eos similique dolores excepturi ab. Et quos eveniet quia ipsam. Est aut rem voluptate. Aut eum autem eos expedita ut mollitia ullam.',3,'2020-09-22 09:01:24','2020-09-22 09:01:24'),
	(204,121,'Gilbert Osinski','Sit esse tenetur sed ut. Illo tenetur veritatis tenetur corporis nihil. Qui nihil officiis et voluptates atque.',2,'2020-09-22 09:01:24','2020-09-22 09:01:24'),
	(205,123,'Ms. Della Predovic III','Sit ut et autem ipsam esse praesentium. Aut consequatur quae aut porro voluptates autem. Fuga eaque deleniti quis. Est asperiores voluptatem et commodi et eaque.',1,'2020-09-22 09:01:24','2020-09-22 09:01:24'),
	(206,149,'Augustus Pfeffer','Dicta atque voluptas numquam ut. Pariatur velit cum nihil aut veniam voluptatum. Voluptas animi magnam rem voluptatum.',1,'2020-09-22 09:01:24','2020-09-22 09:01:24'),
	(207,115,'Waldo Dibbert','Sint sit beatae iure sit rerum exercitationem sequi. Accusantium suscipit possimus soluta ut tempore. Asperiores est consequatur quibusdam. Accusamus velit possimus voluptate et alias quam quia.',3,'2020-09-22 09:01:24','2020-09-22 09:01:24'),
	(208,111,'Frieda Hahn PhD','Voluptatum et alias et vel nihil iste magnam. Deserunt cum quam quod sequi maxime ipsa nobis. Aut sit sunt eum rerum est non labore. Quis esse vero voluptas cupiditate libero veniam occaecati facere.',0,'2020-09-22 09:01:24','2020-09-22 09:01:24'),
	(209,102,'Miss Brenna Gerlach I','Aliquam aspernatur ex omnis numquam hic ex. Quia et qui distinctio ut reiciendis. Rerum ab dolorem sunt quidem.',0,'2020-09-22 09:01:24','2020-09-22 09:01:24'),
	(210,123,'Margaretta Bartell','Est expedita fugit perferendis adipisci quibusdam odio. Facere fugiat harum sed voluptatibus eius. Voluptas qui laborum corrupti id amet.',2,'2020-09-22 09:01:24','2020-09-22 09:01:24'),
	(211,123,'Mr. Hadley Erdman','Quam eum voluptatem perspiciatis hic possimus. Enim quibusdam consectetur iusto autem distinctio. Ea quia qui perferendis labore eos voluptates.',3,'2020-09-22 09:01:24','2020-09-22 09:01:24'),
	(212,123,'Mackenzie Stracke PhD','Repellat aut molestiae in quae vitae veritatis. Aut itaque harum omnis est ea. Repudiandae iusto eveniet rerum est ea laudantium est est.',1,'2020-09-22 09:01:24','2020-09-22 09:01:24'),
	(213,148,'Prof. Demond Tillman MD','Sequi facere fuga minima excepturi ut. Laborum magni ut ullam cupiditate ad dolorum. Assumenda ab laboriosam et voluptas ipsam labore eaque. Inventore qui quia nam sed eius ullam.',3,'2020-09-22 09:01:24','2020-09-22 09:01:24'),
	(214,108,'Ms. Dora Krajcik MD','Enim hic aut fuga. Nihil eum id velit. Dolorem id alias aut in repellendus ut.',0,'2020-09-22 09:01:24','2020-09-22 09:01:24'),
	(215,141,'Mr. Freeman Dach IV','Quis voluptas repellendus aut aut mollitia. Doloremque veritatis reiciendis quia eligendi dolorem optio. Sequi sint autem eaque sit et explicabo.',5,'2020-09-22 09:01:24','2020-09-22 09:01:24'),
	(216,147,'Christelle O\'Conner','Ipsum blanditiis eaque sequi laudantium corporis quam. Corporis aut similique cumque. Sequi dolores quam blanditiis rerum repudiandae ad ea.',2,'2020-09-22 09:01:24','2020-09-22 09:01:24'),
	(217,140,'Fern Bradtke','Dolores eaque totam sapiente nulla ex animi. Et ea velit minus quam dolor sunt tempora. Pariatur dolore omnis necessitatibus et. Tenetur odit consequatur unde at. Quis odio mollitia dignissimos vel.',2,'2020-09-22 09:01:24','2020-09-22 09:01:24'),
	(218,132,'Roberta Gleason','Optio quia repellendus inventore accusantium ipsam vel neque rerum. Nihil qui omnis quia voluptatem consequatur similique eligendi tempore. Et culpa reiciendis est vitae non. Ullam et eum repellendus temporibus natus libero.',5,'2020-09-22 09:01:24','2020-09-22 09:01:24'),
	(219,150,'Mr. Carmel Stehr','Sed culpa architecto qui esse facere expedita. Doloribus sint eveniet praesentium voluptatem laborum. Placeat delectus expedita voluptatem. Inventore nulla molestiae ducimus.',3,'2020-09-22 09:01:24','2020-09-22 09:01:24'),
	(220,147,'Jayde Weissnat','Quo eum ex et. Illo rerum optio ipsa sit voluptatem nulla autem. Voluptatem delectus molestiae est ipsum et illum dignissimos voluptas. Perspiciatis occaecati rem esse beatae quis velit illo totam.',5,'2020-09-22 09:01:24','2020-09-22 09:01:24'),
	(221,118,'Ayana Hammes','Distinctio quaerat aut fugit possimus ullam. Consequatur neque vitae sint qui libero. Illum voluptate sunt iusto ea natus distinctio. Quia non perspiciatis soluta occaecati.',2,'2020-09-22 09:01:24','2020-09-22 09:01:24'),
	(222,125,'Elton Gerlach','Reprehenderit aspernatur consequuntur est magni. Et ut repudiandae sit ipsam porro blanditiis. Corrupti vero voluptatem perferendis in incidunt.',0,'2020-09-22 09:01:24','2020-09-22 09:01:24'),
	(223,132,'Gustave Jakubowski V','Magni libero ipsa similique molestiae. Et impedit est illo porro natus facilis cumque. Sit corrupti ut aspernatur non sint exercitationem qui.',1,'2020-09-22 09:01:24','2020-09-22 09:01:24'),
	(224,123,'Osbaldo Goodwin','Modi est in dignissimos laboriosam quisquam dolorem. Sit laboriosam sed nulla in animi aut. Earum voluptas sit placeat veritatis qui placeat. Vitae dolores debitis laborum non non.',4,'2020-09-22 09:01:24','2020-09-22 09:01:24'),
	(225,120,'Yessenia Cummings','Sed voluptatem consequatur et enim ea dolor. Omnis eius sint inventore sit. Quod a voluptas aliquid ad. Autem et voluptatem quae sed itaque eos.',3,'2020-09-22 09:01:24','2020-09-22 09:01:24'),
	(226,123,'Mrs. Hulda Cartwright','Dolor voluptas cumque voluptatem dolorem. Quia est et unde quia quae blanditiis doloribus est. Autem rerum aut aliquam sed. Aut vitae vel odio eveniet et nihil vel.',2,'2020-09-22 09:01:24','2020-09-22 09:01:24'),
	(227,111,'Dr. Gina Funk','Ratione deserunt quaerat asperiores officiis dolor consectetur ut. Aliquam modi est eum quod dolorum. Consectetur ut sint vel itaque est ullam.',4,'2020-09-22 09:01:24','2020-09-22 09:01:24'),
	(228,115,'Dr. Camryn Ward','Neque omnis at sunt. Fugit qui ut ab eum nisi nam aspernatur. Qui laboriosam voluptatem nihil odio et.',0,'2020-09-22 09:01:24','2020-09-22 09:01:24'),
	(229,143,'Andres DuBuque','Nobis quis molestiae ipsum deleniti sed. Velit similique alias saepe commodi et et.',0,'2020-09-22 09:01:24','2020-09-22 09:01:24'),
	(230,141,'Mrs. Bryana Senger IV','Blanditiis harum numquam veritatis fugiat maxime quasi. Vel provident fugiat sit beatae. Aut voluptatem doloremque fugiat dolores accusamus.',4,'2020-09-22 09:01:24','2020-09-22 09:01:24'),
	(231,125,'Shaina Romaguera','Deserunt voluptatem est distinctio perspiciatis. Aut totam dolores tempora est deleniti incidunt. Molestiae quis et alias soluta sed. A sed qui eaque aut omnis expedita quia.',4,'2020-09-22 09:01:24','2020-09-22 09:01:24'),
	(232,130,'Camila Grady','Cumque blanditiis magni officiis fugit aut. Libero iure et consectetur nemo. Et recusandae laudantium dolorem quasi eveniet perspiciatis cum.',1,'2020-09-22 09:01:24','2020-09-22 09:01:24'),
	(233,117,'Yasmine Wilkinson','Quos maiores autem illo in rerum. Quia optio ducimus blanditiis nam. Qui eos quod repellat enim sed quidem. Aperiam quo eligendi ut aut.',5,'2020-09-22 09:01:24','2020-09-22 09:01:24'),
	(234,103,'Dr. Howell VonRueden IV','Voluptate sed aut voluptate magnam possimus. Quo at quia voluptatem provident reiciendis. Voluptatem temporibus eum nihil suscipit quas laborum eum. Laudantium earum corrupti maiores sit maxime aperiam in commodi.',5,'2020-09-22 09:01:24','2020-09-22 09:01:24'),
	(235,142,'Adrien Larkin','Natus alias aut autem. Alias dolor tenetur sequi expedita eveniet aspernatur impedit amet. Id voluptas nostrum perspiciatis dolorum vel. Unde ut voluptas numquam distinctio eum.',2,'2020-09-22 09:01:24','2020-09-22 09:01:24'),
	(236,133,'Josiane Ruecker III','Voluptatem adipisci sit alias consectetur itaque occaecati. Rerum eius dolores aut. Ipsum adipisci recusandae omnis eaque. Atque eligendi placeat nam perspiciatis.',3,'2020-09-22 09:01:24','2020-09-22 09:01:24'),
	(237,106,'Abel Hessel','Dicta consequuntur sunt laudantium libero praesentium autem autem. Ut ut aspernatur enim maiores. Aut consequuntur consequatur omnis hic qui corporis voluptatem.',3,'2020-09-22 09:01:24','2020-09-22 09:01:24'),
	(238,110,'Sherman Bergstrom','Consequuntur adipisci aut odio error tempore. Quis eos impedit et ut a dicta cum nihil. Ipsum numquam vel dolorum modi voluptatibus doloremque ea officia. Officiis et et architecto odit nihil eum. Ut aspernatur culpa similique omnis est.',4,'2020-09-22 09:01:24','2020-09-22 09:01:24'),
	(239,131,'Joey Wisozk','Ipsum ducimus consequatur cupiditate sint ex. Placeat dicta aut suscipit. Est magni vel voluptatem numquam explicabo.',3,'2020-09-22 09:01:24','2020-09-22 09:01:24'),
	(240,101,'Dr. Frankie Spinka','Exercitationem distinctio ea et maiores repudiandae. Enim soluta omnis incidunt et enim est occaecati. Ullam fuga et quia dolores voluptas omnis error sit.',1,'2020-09-22 09:01:24','2020-09-22 09:01:24'),
	(241,131,'Cedrick Bogisich PhD','Dolorum ex assumenda alias illum. At repudiandae ea minima consequatur quaerat voluptatibus. Earum exercitationem sint nesciunt animi. Quod eligendi unde aut est dicta. Ut sint natus nostrum quia aut.',5,'2020-09-22 09:01:24','2020-09-22 09:01:24'),
	(242,131,'Johanna Frami','Doloremque esse aut in vel omnis. Excepturi distinctio laborum et dolorum est. Vitae nobis quia tempora ducimus voluptatum perspiciatis. Porro rerum quis illum.',3,'2020-09-22 09:01:24','2020-09-22 09:01:24'),
	(243,104,'Baylee Moen','Facilis vitae et fuga nisi sit. Ullam ut deserunt quo eveniet tempora eos. Laboriosam natus eligendi quae nulla. Eligendi eligendi eum est consequatur ut id unde quis.',4,'2020-09-22 09:01:24','2020-09-22 09:01:24'),
	(244,112,'Harrison Jacobs','Nulla sapiente dicta consequatur libero. Veniam quibusdam totam sed ad est et ducimus. Assumenda sit laboriosam mollitia sit ab autem.',5,'2020-09-22 09:01:24','2020-09-22 09:01:24'),
	(245,101,'Isabell Dickinson','Nesciunt ut voluptatem dolor illo est. Vero cum corrupti quaerat. At consequatur aut sit quidem nobis est. Recusandae error commodi et rerum.',2,'2020-09-22 09:01:24','2020-09-22 09:01:24'),
	(246,123,'Wilson Wehner','Suscipit eum soluta consequatur in vel qui nam minus. Occaecati in eos nesciunt quo odit non ut. Itaque id necessitatibus incidunt veniam porro eveniet. Ullam voluptatem sunt vel id temporibus.',2,'2020-09-22 09:01:24','2020-09-22 09:01:24'),
	(247,121,'Prof. Loyal Anderson','Vero rerum veniam consectetur rerum illo quis. Delectus aspernatur consequuntur enim repellendus distinctio. Molestiae occaecati vel eligendi dolore quia quos.',2,'2020-09-22 09:01:24','2020-09-22 09:01:24'),
	(248,120,'Charley Schumm','Voluptatum totam dolorem commodi est. Et laboriosam aut et error.',3,'2020-09-22 09:01:24','2020-09-22 09:01:24'),
	(249,126,'Jaquelin Keeling DVM','Dolore quia cumque quia voluptatem quas. Animi expedita est sunt fugiat labore consequatur illum libero. Est consequuntur illum est neque voluptatem. Deserunt culpa nihil enim aut earum ratione.',3,'2020-09-22 09:01:24','2020-09-22 09:01:24'),
	(250,142,'Prof. Gregg Pfannerstill Sr.','Iusto eos ipsa architecto quia qui. Voluptatem iure qui ratione. Sint animi quo eaque provident.',3,'2020-09-22 09:01:24','2020-09-22 09:01:24'),
	(251,149,'Elisabeth McGlynn','Eum illo eos voluptas debitis maxime. Non laudantium dolorem doloremque sed cumque ut voluptatem voluptate. Optio possimus laudantium atque nobis nobis dolor. Ad quos ut modi laboriosam.',0,'2020-09-22 09:01:24','2020-09-22 09:01:24'),
	(252,144,'Mya Will','Ipsam iure est distinctio sit. In ut veritatis repellendus autem. Numquam totam aspernatur et quam est. Officia exercitationem cumque cupiditate odio. Accusantium consequatur nam dolor qui accusamus fuga molestiae est.',3,'2020-09-22 09:01:24','2020-09-22 09:01:24'),
	(253,146,'Jacky Altenwerth','Incidunt voluptas alias porro quia. Officiis qui quaerat est accusantium odio dolores. Sed est inventore illum voluptas corporis. Numquam fuga et facilis atque nobis eligendi sunt harum. Dolores blanditiis expedita voluptatem mollitia.',0,'2020-09-22 09:01:24','2020-09-22 09:01:24'),
	(254,121,'Colt Littel','Vel id dolores minus. Voluptatem nulla tempore aliquam numquam. Adipisci nisi praesentium soluta commodi quasi inventore architecto. Rerum nam qui nulla ut labore ut.',3,'2020-09-22 09:01:24','2020-09-22 09:01:24'),
	(255,136,'Dr. Saige Donnelly I','Quasi non ut sunt veritatis. Atque tempora nobis voluptatem eaque et laborum. Aspernatur est expedita dicta ex culpa. Maxime quia optio omnis est aliquam id quis earum.',2,'2020-09-22 09:01:24','2020-09-22 09:01:24'),
	(256,147,'Mrs. Jennifer Kiehn PhD','Tenetur sint dolores aut id excepturi dolor deleniti. Modi debitis totam sed minus occaecati. Dolores vitae aut quisquam molestiae cum molestiae. Dolores maiores perferendis est magni ab.',1,'2020-09-22 09:01:24','2020-09-22 09:01:24'),
	(257,138,'Prof. Franz McLaughlin','Nihil commodi ipsum consequatur est facere praesentium incidunt. Reprehenderit minima quia veniam in quam facilis rem. Molestiae aut aut doloremque voluptatem numquam. Quidem adipisci in ut.',0,'2020-09-22 09:01:24','2020-09-22 09:01:24'),
	(258,111,'Theodora Willms','Explicabo maiores quas incidunt voluptate rem suscipit. Incidunt ratione mollitia nemo dolor reprehenderit non. Amet voluptatibus dolores animi cumque.',5,'2020-09-22 09:01:24','2020-09-22 09:01:24'),
	(259,111,'Maverick Schuster','Quos nam ut dolores ut praesentium nesciunt aut. Quo recusandae sunt necessitatibus ut. Vel quo similique mollitia beatae dolores ut.',1,'2020-09-22 09:01:24','2020-09-22 09:01:24'),
	(260,119,'Isobel Mante','Soluta qui aperiam id molestias sed laudantium. Vel est nobis occaecati accusantium sed. Eius odit ut minus alias dolor dignissimos. Eum illum non ratione nisi.',5,'2020-09-22 09:01:24','2020-09-22 09:01:24'),
	(261,114,'Julio Rogahn','Nam fugiat praesentium voluptatem aut delectus voluptates. Suscipit reiciendis doloremque consequatur facilis fugit magni commodi sed. Et dignissimos quae odio maxime sint possimus. Odio iure ut voluptatibus ipsam voluptatum.',3,'2020-09-22 09:01:24','2020-09-22 09:01:24'),
	(262,102,'Alexandro O\'Reilly','Enim consequuntur error quae eveniet. Illo maxime in voluptas occaecati. Sed expedita quae earum ipsum quia placeat a.',0,'2020-09-22 09:01:24','2020-09-22 09:01:24'),
	(263,121,'Anthony Pfannerstill','Et voluptates fugit mollitia deserunt. Ab rerum quos aut iste ut pariatur. Voluptates sequi qui voluptas vitae assumenda et officia. Dolorem consectetur corrupti eos ipsum est quaerat quis.',3,'2020-09-22 09:01:24','2020-09-22 09:01:24'),
	(264,139,'Ms. Autumn Torphy','Dolore fuga maxime maxime qui eaque sit. Similique praesentium omnis debitis qui id sunt. Deleniti quasi quia dolor aliquid. Quia voluptatibus velit voluptates officia.',0,'2020-09-22 09:01:24','2020-09-22 09:01:24'),
	(265,139,'Fabian Lockman','Architecto nam eum voluptatem minima veritatis et recusandae. Quo et molestiae eum nulla vel. Sapiente ratione autem quibusdam et sed ad qui.',0,'2020-09-22 09:01:24','2020-09-22 09:01:24'),
	(266,114,'Justine Emmerich','Numquam quis architecto dolorem saepe architecto in. Molestiae explicabo amet voluptatem minus quasi. Molestias velit quaerat corrupti adipisci sunt quo autem adipisci. Neque molestiae magnam eius et. Impedit inventore dolores provident excepturi sequi incidunt quaerat.',2,'2020-09-22 09:01:24','2020-09-22 09:01:24'),
	(267,101,'Laurel Wilkinson','Et in qui veniam nihil distinctio praesentium. Quis qui et rerum. Voluptatem similique totam est itaque odit rerum.',3,'2020-09-22 09:01:24','2020-09-22 09:01:24'),
	(268,123,'Freda Kuhlman','Aut unde qui aspernatur vel facilis quia tenetur. Asperiores rerum consequatur sint perspiciatis odio et quasi. Sapiente repellat aspernatur nihil et amet sunt eos.',0,'2020-09-22 09:01:24','2020-09-22 09:01:24'),
	(269,117,'Mrs. Rebeka Fisher','Id non ipsam dolor molestias ut. Sunt vitae quidem et debitis. Aut quis est velit nostrum porro earum dignissimos. Adipisci ut atque quia voluptatem officia.',5,'2020-09-22 09:01:24','2020-09-22 09:01:24'),
	(270,108,'Lorenza Moen','Beatae repudiandae saepe et rerum. Beatae odit necessitatibus reiciendis nemo sit laboriosam quidem qui. Quae praesentium aliquam quidem error cum nihil rerum. Vitae vitae ex aut qui magni consequuntur.',5,'2020-09-22 09:01:24','2020-09-22 09:01:24'),
	(271,127,'Mr. Eugene Huels IV','Vero laudantium impedit provident minima. Sit nihil quisquam praesentium qui. Repudiandae ipsam sit et impedit possimus. Dicta velit minus sunt officia omnis unde aspernatur.',0,'2020-09-22 09:01:24','2020-09-22 09:01:24'),
	(272,117,'Olen Welch I','Officiis atque odit aperiam qui reprehenderit sint. Nobis quisquam ut sed ad tempore aut. Ipsum et quia maxime hic perspiciatis iste.',4,'2020-09-22 09:01:24','2020-09-22 09:01:24'),
	(273,117,'Dr. Maeve Collier IV','Esse qui voluptatem ut qui magnam facere. Consequatur fugit sed adipisci nulla placeat et exercitationem. Assumenda consequatur maiores ut sit consequatur id aspernatur. Omnis fugit velit debitis nostrum enim architecto ut molestias.',4,'2020-09-22 09:01:24','2020-09-22 09:01:24'),
	(274,148,'Dr. Daron Quitzon I','Accusamus aliquam rem qui aperiam vel ratione eligendi. Provident voluptatum quam dolorem qui numquam maxime. Quidem quia hic expedita sit sunt corporis dolor. Iure nihil ut repudiandae aut asperiores.',3,'2020-09-22 09:01:24','2020-09-22 09:01:24'),
	(275,137,'Dr. Forrest Farrell DVM','Facilis cumque hic laborum minus molestias architecto. Ut voluptatem autem tempore tenetur architecto esse. Saepe officiis recusandae dolore. Est est repudiandae autem et fuga aut distinctio.',1,'2020-09-22 09:01:24','2020-09-22 09:01:24'),
	(276,140,'Miss Margarita Smith Sr.','Rerum consequatur tenetur veritatis eum aspernatur. Enim dolore tempora incidunt magnam. Quia blanditiis delectus dignissimos quia commodi.',4,'2020-09-22 09:01:24','2020-09-22 09:01:24'),
	(277,133,'Duane Wuckert DVM','Minus excepturi iusto quibusdam recusandae libero doloremque nam. Corporis ad nemo incidunt quia et possimus. Sunt molestiae aliquam rem voluptatum ipsam accusantium.',5,'2020-09-22 09:01:24','2020-09-22 09:01:24'),
	(278,121,'Mr. Alberto Will DDS','Tenetur recusandae modi nemo quis placeat. Et consequatur atque laborum doloremque dolorum ea.',2,'2020-09-22 09:01:24','2020-09-22 09:01:24'),
	(279,130,'Thora Boehm','Ipsum corporis aliquam alias ex id. Laborum voluptatibus est culpa ad. Optio ab molestias est ut dignissimos qui.',0,'2020-09-22 09:01:24','2020-09-22 09:01:24'),
	(280,107,'Mr. Santiago Carroll IV','Eos architecto error architecto repudiandae unde et. Quia molestiae consectetur totam illo labore ex doloribus. Quas ullam cupiditate incidunt blanditiis.',4,'2020-09-22 09:01:24','2020-09-22 09:01:24'),
	(281,107,'Ms. Jacky Durgan DDS','Voluptatibus nihil et ut voluptas velit sed et. Voluptatem vel voluptate est enim sunt. Doloribus alias enim ut aut quo. Sapiente est vitae aut est accusantium quis cupiditate.',1,'2020-09-22 09:01:24','2020-09-22 09:01:24'),
	(282,142,'Baby Kozey','Necessitatibus et ratione aperiam omnis voluptatem ut voluptatum. Tempore animi sequi occaecati iure sequi. Aperiam porro omnis eum facilis et sit id.',5,'2020-09-22 09:01:24','2020-09-22 09:01:24'),
	(283,150,'Sheldon Hackett','Veniam ex maxime aspernatur consequuntur. Distinctio voluptates dolor facere natus id velit. Magni incidunt totam sit quam perferendis iusto nam.',4,'2020-09-22 09:01:24','2020-09-22 09:01:24'),
	(284,121,'Boris Konopelski','Qui enim nam est velit ut et labore. Fuga dolore et vel quia. Officia pariatur eos mollitia ipsum quis. Temporibus alias quo dolores accusamus. Qui blanditiis suscipit voluptas ut.',3,'2020-09-22 09:01:24','2020-09-22 09:01:24'),
	(285,108,'Jewel Prohaska','Assumenda dolorem vero non repellendus aut et eius. Aut ut similique et qui aut unde ea. Voluptas assumenda quam et ut expedita odit dolorem recusandae.',2,'2020-09-22 09:01:24','2020-09-22 09:01:24'),
	(286,108,'Lenna O\'Hara','Provident quisquam cumque error. Ut consequatur illo dolor dignissimos. Repellat ullam alias officiis explicabo. Harum nesciunt autem beatae expedita aliquam fuga sit.',5,'2020-09-22 09:01:24','2020-09-22 09:01:24'),
	(287,150,'Lenora Murphy','Culpa minus enim ut iste omnis. Est fugiat et quasi sunt dolor consequatur. Cum expedita voluptatem dolorum aut molestiae consequatur nostrum. Blanditiis debitis et nostrum hic.',2,'2020-09-22 09:01:24','2020-09-22 09:01:24'),
	(288,132,'Kadin Boehm','Est optio odit delectus nam deleniti. Voluptatem veritatis alias corrupti unde qui. Rem optio odio rerum voluptatem.',3,'2020-09-22 09:01:24','2020-09-22 09:01:24'),
	(289,146,'Pat Mosciski IV','Vel similique velit et cumque id omnis sit. Velit quasi earum soluta iste qui sit. Quod adipisci modi sunt voluptatum est eveniet voluptatem. Modi sequi qui accusamus sed harum dolor laudantium ab.',5,'2020-09-22 09:01:24','2020-09-22 09:01:24'),
	(290,137,'Magnus Kuhlman','Unde saepe et explicabo et est. Esse recusandae quia molestiae soluta veritatis quis. Commodi nostrum deserunt delectus culpa. Cupiditate sunt voluptate enim eius cumque aut sint at.',1,'2020-09-22 09:01:24','2020-09-22 09:01:24'),
	(291,119,'Anastacio Watsica','Rerum nisi repudiandae minima dolor voluptatem voluptatem. Occaecati repellat porro quasi. Eius blanditiis aut dolorum mollitia.',5,'2020-09-22 09:01:24','2020-09-22 09:01:24'),
	(292,140,'Prof. Barrett Hartmann DVM','Aut quia minima harum. Sint consectetur omnis voluptatem est in. Vel ducimus nam deserunt quod placeat consequatur voluptatem.',4,'2020-09-22 09:01:24','2020-09-22 09:01:24'),
	(293,128,'Elva Gutmann','Culpa totam fuga ipsam rerum inventore et. Natus culpa qui placeat.',4,'2020-09-22 09:01:24','2020-09-22 09:01:24'),
	(294,144,'Mrs. Dominique Towne','Incidunt eaque neque nemo aut. Aliquam impedit a possimus ab. Illum non sint molestias aut commodi. Rerum eligendi vitae consequuntur quis et dolor ab impedit.',2,'2020-09-22 09:01:24','2020-09-22 09:01:24'),
	(295,118,'Olga Hettinger','Aliquid debitis perspiciatis necessitatibus libero. Corporis et qui perspiciatis sapiente ut. Ab fugiat recusandae suscipit similique. Id temporibus et fugiat rerum sint.',5,'2020-09-22 09:01:24','2020-09-22 09:01:24'),
	(296,127,'Lamar Ziemann','Voluptatem rerum vel eum cumque omnis. Nihil distinctio commodi qui asperiores omnis quia. Quia iusto cumque ut mollitia ipsum.',2,'2020-09-22 09:01:24','2020-09-22 09:01:24'),
	(297,119,'Mrs. Augusta Dooley I','Ipsa nihil ea praesentium quae alias cupiditate. Assumenda laboriosam rem consequuntur error placeat molestiae.',4,'2020-09-22 09:01:24','2020-09-22 09:01:24'),
	(298,133,'Earlene Schoen','Voluptas eligendi quod animi aspernatur adipisci vel quam. Sit non vero sed itaque sit eligendi vitae. Expedita qui vel in.',0,'2020-09-22 09:01:24','2020-09-22 09:01:24'),
	(299,130,'Gustave Klocko','Quas sapiente rerum necessitatibus quas iusto veritatis dolore velit. Culpa consectetur exercitationem non a labore. Assumenda dignissimos eaque molestiae aliquid. Quod voluptas sequi ea qui quod dolorum.',2,'2020-09-22 09:01:24','2020-09-22 09:01:24'),
	(300,109,'Easter Volkman','Laborum voluptas beatae repudiandae fugiat laboriosam odio quisquam possimus. Consectetur quia commodi quo molestiae eius. Aut repellendus id sit quasi totam voluptatibus.',3,'2020-09-22 09:01:24','2020-09-22 09:01:24');

/*!40000 ALTER TABLE `reviews` ENABLE KEYS */;
UNLOCK TABLES;


# Tabelldump users
# ------------------------------------------------------------

DROP TABLE IF EXISTS `users`;

CREATE TABLE `users` (
  `id` bigint(20) unsigned NOT NULL AUTO_INCREMENT,
  `name` varchar(255) COLLATE utf8mb4_unicode_ci NOT NULL,
  `email` varchar(255) COLLATE utf8mb4_unicode_ci NOT NULL,
  `email_verified_at` timestamp NULL DEFAULT NULL,
  `password` varchar(255) COLLATE utf8mb4_unicode_ci NOT NULL,
  `remember_token` varchar(100) COLLATE utf8mb4_unicode_ci DEFAULT NULL,
  `created_at` timestamp NULL DEFAULT NULL,
  `updated_at` timestamp NULL DEFAULT NULL,
  PRIMARY KEY (`id`),
  UNIQUE KEY `users_email_unique` (`email`)
) ENGINE=InnoDB DEFAULT CHARSET=utf8mb4 COLLATE=utf8mb4_unicode_ci;




/*!40111 SET SQL_NOTES=@OLD_SQL_NOTES */;
/*!40101 SET SQL_MODE=@OLD_SQL_MODE */;
/*!40014 SET FOREIGN_KEY_CHECKS=@OLD_FOREIGN_KEY_CHECKS */;
/*!40101 SET CHARACTER_SET_CLIENT=@OLD_CHARACTER_SET_CLIENT */;
/*!40101 SET CHARACTER_SET_RESULTS=@OLD_CHARACTER_SET_RESULTS */;
/*!40101 SET COLLATION_CONNECTION=@OLD_COLLATION_CONNECTION */;
